t,speed_kmh,acceleration_m_s2,distance_m,related_center_distance_m,x,y
0.0,0.0,0.0,0.0,5.462600113499065,0.0,7.15
0.1,0.0,0.0,0.0,5.330969928232197,0.0,7.15
0.2,0.0,0.0,0.0,5.195564544037924,0.0,7.15
0.3,0.0,0.0,0.0,5.056913779324698,0.0,7.15
0.4,0.0,0.0,0.0,4.9155575449383155,0.0,7.15
0.5,0.0,0.0,0.0,4.772046731634132,0.0,7.15
0.6,0.0,0.0,0.0,4.626945016838757,0.0,7.15
0.7,0.0,0.0,0.0,4.480827144857967,0.0,7.15
0.8,0.0,0.0,0.0,4.334283359229759,0.0,7.15
0.9,0.0,0.0,0.0,4.187916699536418,0.0,7.15
1.0,0.0,0.0,0.0,4.042347902209804,0.0,7.15
1.1,0.0,0.0,0.0,3.8982105282502384,0.0,7.15
1.2,0.0,0.0,0.0,3.756154159404137,0.0,7.15
1.3,0.0,0.0,0.0,3.616843347135869,0.0,7.15
1.4,0.0,0.0,0.0,3.4809539446538214,0.0,7.15
1.5,0.0,0.0,0.0,3.3491697579549475,0.0,7.15
1.6,0.0,0.0,0.0,3.222180314259275,0.0,7.15
1.7,0.0,0.0,0.0,3.1006686924474858,0.0,7.15
1.8,0.0,0.0,0.0,2.985304253321594,0.0,7.15
1.9,0.0,0.0,0.0,2.8767290025028425,0.0,7.15
2.0,0.0,0.0,0.0,2.7755387400077844,0.0,7.15
2.1,0.0,0.0,0.0,2.6822662334348917,0.0,7.15
2.2,0.0,0.0,0.0,2.59735435566655,0.0,7.15
2.3,0.0,0.0,0.0,2.5211369863553625,0.0,7.15
2.4,0.0,0.0,0.0,2.4538119177983058,0.0,7.15
2.5,0.0,0.0,0.0,2.395423113843565,0.0,7.15
2.6,0.0,0.0,0.0,2.345846659207716,0.0,7.15
2.7,0.0,0.0,0.0,2.304782546688733,0.0,7.15
2.8,0.0,0.0,0.0,2.271761340986328,0.0,7.15
2.9,0.0,0.0,0.0,2.246156890817959,0.0,7.15
3.0,0.0,0.0,0.0,2.2272104994564392,0.0,7.15
3.1,0.0,0.0,0.0,2.214061369961547,0.0,7.15
3.2,0.0,0.0,0.0,2.2057821816491767,0.0,7.15
3.3,0.0,0.0,0.0,2.2014162659999132,0.0,7.15
3.4,0.0,0.0,0.0,2.200013161801538,0.0,7.15
3.5,0.0,0.0,0.0,2.2006620387001727,0.0,7.15
3.6,0.0,0.0,0.0,2.202521448158905,0.0,7.15
3.7,0.0,0.0,0.0,2.2048457809563464,0.0,7.15
3.8,0.0,0.0,0.0,2.207008690400652,0.0,7.15
3.9,0.0,0.0,0.0,2.208525042368549,0.0,7.15
4.0,0.0,0.0,0.0,2.209072203437452,0.0,7.15
4.1,0.0,0.0,0.0,2.209072203437452,0.0,7.15
4.2,0.0,0.0,0.0,2.209072203437452,0.0,7.15
4.3,0.0,0.0,0.0,2.209072203437452,0.0,7.15
4.4,0.0,0.0,0.0,2.209072203437452,0.0,7.15
4.5,0.0,0.0,0.0,2.209072203437452,0.0,7.15
4.6,0.0,0.0,0.0,2.209072203437452,0.0,7.15
4.7,0.0,0.0,0.0,2.209072203437452,0.0,7.15
4.8,0.0,0.0,0.0,2.209072203437452,0.0,7.15
4.9,0.0,0.0,0.0,2.209072203437452,0.0,7.15
5.0,0.0,0.0,0.0,2.209072203437452,0.0,7.15
5.1,0.0,0.0,0.0,2.209072203437452,0.0,7.15
5.2,0.0,0.0,0.0,2.209072203437452,0.0,7.15
5.3,0.0,0.0,0.0,2.209072203437452,0.0,7.15
5.4,0.0,0.0,0.0,2.209072203437452,0.0,7.15
5.5,0.0,0.0,0.0,2.209072203437452,0.0,7.15
5.6,0.0,0.0,0.0,2.209072203437452,0.0,7.15
5.7,0.0,0.0,0.0,2.209072203437452,0.0,7.15
5.8,0.0,0.0,0.0,2.209072203437452,0.0,7.15
5.9,0.0,0.0,0.0,2.209072203437452,0.0,7.15
6.0,0.0,0.0,0.0,2.209072203437452,0.0,7.15
6.1,0.0,0.0,0.0,2.209072203437452,0.0,7.15
6.2,0.0,0.0,0.0,2.209072203437452,0.0,7.15
6.3,0.0,0.0,0.0,2.209072203437452,0.0,7.15
6.4,0.0,0.0,0.0,2.209072203437452,0.0,7.15
6.5,0.0,0.0,0.0,2.209072203437452,0.0,7.15
6.6,0.0,0.0,0.0,2.209072203437452,0.0,7.15
6.7,0.0,0.0,0.0,2.209072203437452,0.0,7.15
6.8,0.0,0.0,0.0,2.209072203437452,0.0,7.15
6.9,0.0,0.0,0.0,2.209072203437452,0.0,7.15
7.0,0.0,0.0,0.0,2.209072203437452,0.0,7.15
7.1,0.0,0.0,0.0,2.209072203437452,0.0,7.15
7.2,0.0,0.0,0.0,2.209072203437452,0.0,7.15
7.3,0.0,0.0,0.0,2.209072203437452,0.0,7.15
7.4,0.0,0.0,0.0,2.209072203437452,0.0,7.15
7.5,0.0,0.0,0.0,2.209072203437452,0.0,7.15
7.6,0.0,0.0,0.0,2.209072203437452,0.0,7.15
7.7,0.0,0.0,0.0,2.209072203437452,0.0,7.15
7.8,0.0,0.0,0.0,2.209072203437452,0.0,7.15
7.9,0.0,0.0,0.0,2.209072203437452,0.0,7.15
8.0,0.0,0.0,0.0,2.209072203437452,0.0,7.15
8.1,0.0,0.0,0.0,2.209072203437452,0.0,7.15
8.2,0.0,0.0,0.0,2.209072203437452,0.0,7.15
8.3,0.0,0.0,0.0,2.209072203437452,0.0,7.15
8.4,0.0,0.0,0.0,2.209072203437452,0.0,7.15
8.5,0.0,0.0,0.0,2.209072203437452,0.0,7.15
8.6,0.0,0.0,0.0,2.209072203437452,0.0,7.15
8.7,0.0,0.0,0.0,2.209072203437452,0.0,7.15
8.8,0.0,0.0,0.0,2.209072203437452,0.0,7.15
8.9,0.0,0.0,0.0,2.209072203437452,0.0,7.15
9.0,0.0,0.0,0.0,2.209072203437452,0.0,7.15
9.1,0.0,0.0,0.0,2.209072203437452,0.0,7.15
9.2,0.0,0.0,0.0,2.209072203437452,0.0,7.15
9.3,0.0,0.0,0.0,2.209072203437452,0.0,7.15
9.4,0.0,0.0,0.0,2.209072203437452,0.0,7.15
9.5,0.0,0.0,0.0,2.209072203437452,0.0,7.15
9.6,0.0,0.0,0.0,2.209072203437452,0.0,7.15
9.7,0.0,0.0,0.0,2.209072203437452,0.0,7.15
9.8,0.0,0.0,0.0,2.209072203437452,0.0,7.15
9.9,0.0,0.0,0.0,2.209072203437452,0.0,7.15
10.0,0.0,0.0,0.0,2.209072203437452,0.0,7.15
10.1,0.0,0.0,0.0,2.209072203437452,0.0,7.15
10.2,0.0,0.0,0.0,2.209072203437452,0.0,7.15
10.3,0.0,0.0,0.0,2.209072203437452,0.0,7.15
10.4,0.0,0.0,0.0,2.209072203437452,0.0,7.15
10.5,0.0,0.0,0.0,2.209072203437452,0.0,7.15
10.6,0.0,0.0,0.0,2.209072203437452,0.0,7.15
10.7,0.0,0.0,0.0,2.209072203437452,0.0,7.15
10.8,0.0,0.0,0.0,2.209072203437452,0.0,7.15
10.9,0.0,0.0,0.0,2.209072203437452,0.0,7.15
11.0,0.0,0.0,0.0,2.209072203437452,0.0,7.15
11.1,0.0,0.0,0.0,2.209072203437452,0.0,7.15
11.2,0.0,0.0,0.0,2.209072203437452,0.0,7.15
11.3,0.0,0.0,0.0,2.209072203437452,0.0,7.15
11.4,0.0,0.0,0.0,2.209072203437452,0.0,7.15
11.5,0.0,0.0,0.0,2.209072203437452,0.0,7.15
11.6,0.0,0.0,0.0,2.209072203437452,0.0,7.15
11.7,0.0,0.0,0.0,2.209072203437452,0.0,7.15
11.8,0.0,0.0,0.0,2.209072203437452,0.0,7.15
11.9,0.0,0.0,0.0,2.209072203437452,0.0,7.15
12.0,0.0,0.0,0.0,2.209072203437452,0.0,7.15
12.1,0.0,0.0,0.0,2.209072203437452,0.0,7.15
12.2,0.0,0.0,0.0,2.209072203437452,0.0,7.15
12.3,0.0,0.0,0.0,2.209072203437452,0.0,7.15
12.4,0.0,0.0,0.0,2.209072203437452,0.0,7.15
12.5,0.0,0.0,0.0,2.209072203437452,0.0,7.15
12.6,0.0,0.0,0.0,2.209072203437452,0.0,7.15
12.7,0.0,0.0,0.0,2.209072203437452,0.0,7.15
12.8,0.0,0.0,0.0,2.209072203437452,0.0,7.15
12.9,0.0,0.0,0.0,2.209072203437452,0.0,7.15
13.0,0.0,0.0,0.0,2.209072203437452,0.0,7.15
13.1,0.0,0.0,0.0,2.209072203437452,0.0,7.15
13.2,0.0,0.0,0.0,2.209072203437452,0.0,7.15
13.3,0.0,0.0,0.0,2.209072203437452,0.0,7.15
13.4,0.0,0.0,0.0,2.209072203437452,0.0,7.15
13.5,0.0,0.0,0.0,2.209072203437452,0.0,7.15
13.6,0.0,0.0,0.0,2.209072203437452,0.0,7.15
13.7,0.0,0.0,0.0,2.209072203437452,0.0,7.15
13.8,0.0,0.0,0.0,2.209072203437452,0.0,7.15
13.9,0.0,0.0,0.0,2.209072203437452,0.0,7.15
14.0,0.0,0.0,0.0,2.209072203437452,0.0,7.15
14.1,0.0,0.0,0.0,2.209072203437452,0.0,7.15
14.2,0.0,0.0,0.0,2.209072203437452,0.0,7.15
14.3,0.0,0.0,0.0,2.209072203437452,0.0,7.15
14.4,0.0,0.0,0.0,2.209072203437452,0.0,7.15
14.5,0.0,0.0,0.0,2.209072203437452,0.0,7.15
14.6,0.0,0.0,0.0,2.209072203437452,0.0,7.15
14.7,0.0,0.0,0.0,2.209072203437452,0.0,7.15
14.8,0.0,0.0,0.0,2.209072203437452,0.0,7.15
14.9,0.0,0.0,0.0,2.209072203437452,0.0,7.15
15.0,0.0,0.0,0.0,2.209072203437452,0.0,7.15
15.1,0.0,0.0,0.0,2.209072203437452,0.0,7.15
15.2,0.0,0.0,0.0,2.209072203437452,0.0,7.15
15.3,0.0,0.0,0.0,2.209072203437452,0.0,7.15
15.4,0.0,0.0,0.0,2.209072203437452,0.0,7.15
15.5,0.0,0.0,0.0,2.209072203437452,0.0,7.15
15.6,0.0,0.0,0.0,2.209072203437452,0.0,7.15
15.7,0.0,0.0,0.0,2.209072203437452,0.0,7.15
15.8,0.0,0.0,0.0,2.209072203437452,0.0,7.15
15.9,0.0,0.0,0.0,2.209072203437452,0.0,7.15
16.0,0.0,0.0,0.0,2.209072203437452,0.0,7.15
16.1,0.0,0.0,0.0,2.209072203437452,0.0,7.15
16.2,0.0,0.0,0.0,2.209072203437452,0.0,7.15
16.3,0.0,0.0,0.0,2.209072203437452,0.0,7.15
16.4,0.0,0.0,0.0,2.209072203437452,0.0,7.15
16.5,0.0,0.0,0.0,2.209072203437452,0.0,7.15
16.6,0.0,0.0,0.0,2.209072203437452,0.0,7.15
16.7,0.0,0.0,0.0,2.209072203437452,0.0,7.15
16.8,0.0,0.0,0.0,2.209072203437452,0.0,7.15
16.9,0.0,0.0,0.0,2.209072203437452,0.0,7.15
17.0,0.0,0.0,0.0,2.209072203437452,0.0,7.15
17.1,0.0,0.0,0.0,2.209072203437452,0.0,7.15
17.2,0.0,0.0,0.0,2.209072203437452,0.0,7.15
17.3,0.0,0.0,0.0,2.209072203437452,0.0,7.15
17.4,0.0,0.0,0.0,2.209072203437452,0.0,7.15
17.5,0.0,0.0,0.0,2.209072203437452,0.0,7.15
17.6,0.0,0.0,0.0,2.209072203437452,0.0,7.15
17.7,0.0,0.0,0.0,2.209072203437452,0.0,7.15
17.8,0.0,0.0,0.0,2.209072203437452,0.0,7.15
17.9,0.0,0.0,0.0,2.209072203437452,0.0,7.15
18.0,0.0,0.0,0.0,2.209072203437452,0.0,7.15
18.1,0.0,0.0,0.0,2.209072203437452,0.0,7.15
18.2,0.0,0.0,0.0,2.209072203437452,0.0,7.15
18.3,0.0,0.0,0.0,2.209072203437452,0.0,7.15
18.4,0.0,0.0,0.0,2.209072203437452,0.0,7.15
18.5,0.0,0.0,0.0,2.209072203437452,0.0,7.15
18.6,0.0,0.0,0.0,2.209072203437452,0.0,7.15
18.7,0.0,0.0,0.0,2.209072203437452,0.0,7.15
18.8,0.0,0.0,0.0,2.209072203437452,0.0,7.15
18.9,0.0,0.0,0.0,2.209072203437452,0.0,7.15
19.0,0.0,0.0,0.0,2.209072203437452,0.0,7.15
19.1,0.0,0.0,0.0,2.209072203437452,0.0,7.15
19.2,0.0,0.0,0.0,2.209072203437452,0.0,7.15
19.3,0.0,0.0,0.0,2.209072203437452,0.0,7.15
19.4,0.0,0.0,0.0,2.209072203437452,0.0,7.15
19.5,0.0,0.0,0.0,2.209072203437452,0.0,7.15
19.6,0.0,0.0,0.0,2.209072203437452,0.0,7.15
19.7,0.0,0.0,0.0,2.209072203437452,0.0,7.15
19.8,0.0,0.0,0.0,2.209072203437452,0.0,7.15
19.9,0.0,0.0,0.0,2.209072203437452,0.0,7.15
20.0,0.0,0.0,0.0,2.209072203437452,0.0,7.15
20.1,0.0,0.0,0.0,2.209072203437452,0.0,7.15
20.2,0.0,0.0,0.0,2.209072203437452,0.0,7.15
20.3,0.0,0.0,0.0,2.209072203437452,0.0,7.15
20.4,0.0,0.0,0.0,2.209072203437452,0.0,7.15
20.5,0.0,0.0,0.0,2.209072203437452,0.0,7.15
20.6,0.0,0.0,0.0,2.209072203437452,0.0,7.15
20.7,0.0,0.0,0.0,2.209072203437452,0.0,7.15
20.8,0.0,0.0,0.0,2.209072203437452,0.0,7.15
20.9,0.0,0.0,0.0,2.209072203437452,0.0,7.15
21.0,0.0,0.0,0.0,2.209072203437452,0.0,7.15
21.1,0.0,0.0,0.0,2.209072203437452,0.0,7.15
21.2,0.0,0.0,0.0,2.209072203437452,0.0,7.15
21.3,0.0,0.0,0.0,2.209072203437452,0.0,7.15
21.4,0.0,0.0,0.0,2.209072203437452,0.0,7.15
21.5,0.0,0.0,0.0,2.209072203437452,0.0,7.15
21.6,0.0,0.0,0.0,2.209072203437452,0.0,7.15
21.7,0.0,0.0,0.0,2.209072203437452,0.0,7.15
21.8,0.0,0.0,0.0,2.209072203437452,0.0,7.15
21.9,0.0,0.0,0.0,2.209072203437452,0.0,7.15
22.0,0.0,0.0,0.0,2.209072203437452,0.0,7.15
22.1,0.0,0.0,0.0,2.209072203437452,0.0,7.15
22.2,0.0,0.0,0.0,2.209072203437452,0.0,7.15
22.3,0.0,0.0,0.0,2.209072203437452,0.0,7.15
22.4,0.0,0.0,0.0,2.209072203437452,0.0,7.15
22.5,0.0,0.0,0.0,2.209072203437452,0.0,7.15
22.6,0.0,0.0,0.0,2.209072203437452,0.0,7.15
22.7,0.0,0.0,0.0,2.209072203437452,0.0,7.15
22.8,0.0,0.0,0.0,2.209072203437452,0.0,7.15
22.9,0.0,0.0,0.0,2.209072203437452,0.0,7.15
23.0,0.0,0.0,0.0,2.209072203437452,0.0,7.15
23.1,0.0,0.0,0.0,2.209072203437452,0.0,7.15
23.2,0.0,0.0,0.0,2.209072203437452,0.0,7.15
23.3,0.0,0.0,0.0,2.209072203437452,0.0,7.15
23.4,0.0,0.0,0.0,2.209072203437452,0.0,7.15
23.5,0.0,0.0,0.0,2.209072203437452,0.0,7.15
23.6,0.0,0.0,0.0,2.209072203437452,0.0,7.15
23.7,0.0,0.0,0.0,2.209072203437452,0.0,7.15
23.8,0.0,0.0,0.0,2.209072203437452,0.0,7.15
23.9,0.0,0.0,0.0,2.209072203437452,0.0,7.15
24.0,0.0,0.0,0.0,2.209072203437452,0.0,7.15
24.1,0.0,0.0,0.0,2.209072203437452,0.0,7.15
24.2,0.0,0.0,0.0,2.209072203437452,0.0,7.15
24.3,0.0,0.0,0.0,2.209072203437452,0.0,7.15
24.4,0.0,0.0,0.0,2.209072203437452,0.0,7.15
24.5,0.0,0.0,0.0,2.209072203437452,0.0,7.15
24.6,0.0,0.0,0.0,2.209072203437452,0.0,7.15
24.7,0.0,0.0,0.0,2.209072203437452,0.0,7.15
24.8,0.0,0.0,0.0,2.209072203437452,0.0,7.15
24.9,0.0,0.0,0.0,2.209072203437452,0.0,7.15
25.0,0.0,0.0,0.0,2.209072203437452,0.0,7.15
25.1,0.0,0.0,0.0,2.209072203437452,0.0,7.15
25.2,0.0,0.0,0.0,2.209072203437452,0.0,7.15
25.3,0.0,0.0,0.0,2.209072203437452,0.0,7.15
25.4,0.0,0.0,0.0,2.209072203437452,0.0,7.15
25.5,0.0,0.0,0.0,2.209072203437452,0.0,7.15
25.6,0.0,0.0,0.0,2.209072203437452,0.0,7.15
25.7,0.0,0.0,0.0,2.209072203437452,0.0,7.15
25.8,0.0,0.0,0.0,2.209072203437452,0.0,7.15
25.9,0.0,0.0,0.0,2.209072203437452,0.0,7.15
26.0,0.0,0.0,0.0,2.209072203437452,0.0,7.15
26.1,0.0,0.0,0.0,2.209072203437452,0.0,7.15
26.2,0.0,0.0,0.0,2.209072203437452,0.0,7.15
26.3,0.0,0.0,0.0,2.209072203437452,0.0,7.15
26.4,0.0,0.0,0.0,2.209072203437452,0.0,7.15
26.5,0.0,0.0,0.0,2.209072203437452,0.0,7.15
26.6,0.0,0.0,0.0,2.209072203437452,0.0,7.15
26.7,0.0,0.0,0.0,2.209072203437452,0.0,7.15
26.8,0.0,0.0,0.0,2.209072203437452,0.0,7.15
26.9,0.0,0.0,0.0,2.209072203437452,0.0,7.15
27.0,0.0,0.0,0.0,2.209072203437452,0.0,7.15
27.1,0.0,0.0,0.0,2.209072203437452,0.0,7.15
27.2,0.0,0.0,0.0,2.209072203437452,0.0,7.15
27.3,0.0,0.0,0.0,2.209072203437452,0.0,7.15
27.4,0.0,0.0,0.0,2.209072203437452,0.0,7.15
27.5,0.0,0.0,0.0,2.209072203437452,0.0,7.15
27.6,0.0,0.0,0.0,2.209072203437452,0.0,7.15
27.7,0.0,0.0,0.0,2.209072203437452,0.0,7.15
27.8,0.0,0.0,0.0,2.209072203437452,0.0,7.15
27.9,0.0,0.0,0.0,2.209072203437452,0.0,7.15
28.0,0.0,0.0,0.0,2.209072203437452,0.0,7.15
28.1,0.0,0.0,0.0,2.209072203437452,0.0,7.15
28.2,0.0,0.0,0.0,2.209072203437452,0.0,7.15
28.3,0.0,0.0,0.0,2.209072203437452,0.0,7.15
28.4,0.0,0.0,0.0,2.209072203437452,0.0,7.15
28.5,0.0,0.0,0.0,2.209072203437452,0.0,7.15
28.6,0.0,0.0,0.0,2.209072203437452,0.0,7.15
28.7,0.0,0.0,0.0,2.209072203437452,0.0,7.15
28.8,0.0,0.0,0.0,2.209072203437452,0.0,7.15
28.9,0.0,0.0,0.0,2.209072203437452,0.0,7.15
29.0,0.0,0.0,0.0,2.209072203437452,0.0,7.15
29.1,0.0,0.0,0.0,2.209072203437452,0.0,7.15
29.2,0.0,0.0,0.0,2.209072203437452,0.0,7.15
29.3,0.0,0.0,0.0,2.209072203437452,0.0,7.15
29.4,0.0,0.0,0.0,2.209072203437452,0.0,7.15
29.5,0.0,0.0,0.0,2.209072203437452,0.0,7.15
29.6,0.0,0.0,0.0,2.209072203437452,0.0,7.15
29.7,0.0,0.0,0.0,2.209072203437452,0.0,7.15
29.8,0.0,0.0,0.0,2.209072203437452,0.0,7.15
29.9,0.0,0.0,0.0,2.209072203437452,0.0,7.15
30.0,0.0,0.0,0.0,2.209072203437452,0.0,7.15
30.1,0.0,0.0,0.0,2.209072203437452,0.0,7.15
30.2,0.0,0.0,0.0,2.209072203437452,0.0,7.15
30.3,0.0,0.0,0.0,2.209072203437452,0.0,7.15
30.4,0.0,0.0,0.0,2.209072203437452,0.0,7.15
30.5,0.0,0.0,0.0,2.209072203437452,0.0,7.15
30.6,0.0,0.0,0.0,2.209072203437452,0.0,7.15
30.7,0.0,0.0,0.0,2.209072203437452,0.0,7.15
30.8,0.0,0.0,0.0,2.209072203437452,0.0,7.15
30.9,0.0,0.0,0.0,2.209072203437452,0.0,7.15
31.0,0.0,0.0,0.0,2.209072203437452,0.0,7.15
31.1,0.0,0.0,0.0,2.209072203437452,0.0,7.15
31.2,0.0,0.0,0.0,2.209072203437452,0.0,7.15
31.3,0.0,0.0,0.0,2.209072203437452,0.0,7.15
31.4,0.0,0.0,0.0,2.209072203437452,0.0,7.15
31.5,0.0,0.0,0.0,2.209072203437452,0.0,7.15
31.6,0.0,0.0,0.0,2.209072203437452,0.0,7.15
31.7,0.0,0.0,0.0,2.209072203437452,0.0,7.15
31.8,0.0,0.0,0.0,2.209072203437452,0.0,7.15
31.9,0.0,0.0,0.0,2.209072203437452,0.0,7.15
32.0,0.0,0.0,0.0,2.209072203437452,0.0,7.15
32.1,0.0,0.0,0.0,2.209072203437452,0.0,7.15
32.2,0.0,0.0,0.0,2.209072203437452,0.0,7.15
32.3,0.0,0.0,0.0,2.209072203437452,0.0,7.15
32.4,0.0,0.0,0.0,2.209072203437452,0.0,7.15
32.5,0.0,0.0,0.0,2.209072203437452,0.0,7.15
32.6,0.0,0.0,0.0,2.209072203437452,0.0,7.15
32.7,0.0,0.0,0.0,2.209072203437452,0.0,7.15
32.8,0.0,0.0,0.0,2.209072203437452,0.0,7.15
32.9,0.0,0.0,0.0,2.209072203437452,0.0,7.15
33.0,0.0,0.0,0.0,2.209072203437452,0.0,7.15
33.1,0.0,0.0,0.0,2.209072203437452,0.0,7.15
33.2,0.0,0.0,0.0,2.209072203437452,0.0,7.15
33.3,0.0,0.0,0.0,2.209072203437452,0.0,7.15
33.4,0.0,0.0,0.0,2.209072203437452,0.0,7.15
33.5,0.0,0.0,0.0,2.209072203437452,0.0,7.15
33.6,0.0,0.0,0.0,2.209072203437452,0.0,7.15
33.7,0.0,0.0,0.0,2.209072203437452,0.0,7.15
33.8,0.0,0.0,0.0,2.209072203437452,0.0,7.15
33.9,0.0,0.0,0.0,2.209072203437452,0.0,7.15
34.0,0.0,0.0,0.0,2.209072203437452,0.0,7.15
34.1,0.0,0.0,0.0,2.209072203437452,0.0,7.15
34.2,0.0,0.0,0.0,2.209072203437452,0.0,7.15
34.3,0.0,0.0,0.0,2.209072203437452,0.0,7.15
34.4,0.0,0.0,0.0,2.209072203437452,0.0,7.15
34.5,0.0,0.0,0.0,2.209072203437452,0.0,7.15
34.6,0.0,0.0,0.0,2.209072203437452,0.0,7.15
34.7,0.0,0.0,0.0,2.209072203437452,0.0,7.15
34.8,0.0,0.0,0.0,2.209072203437452,0.0,7.15
34.9,0.0,0.0,0.0,2.209072203437452,0.0,7.15
35.0,0.0,0.0,0.0,2.209072203437452,0.0,7.15
35.1,0.0,0.0,0.0,2.209072203437452,0.0,7.15
35.2,0.0,0.0,0.0,2.209072203437452,0.0,7.15
35.3,0.0,0.0,0.0,2.209072203437452,0.0,7.15
35.4,0.0,0.0,0.0,2.209072203437452,0.0,7.15
35.5,0.0,0.0,0.0,2.209072203437452,0.0,7.15
35.6,0.0,0.0,0.0,2.209072203437452,0.0,7.15
35.7,0.0,0.0,0.0,2.209072203437452,0.0,7.15
35.8,0.0,0.0,0.0,2.209072203437452,0.0,7.15
35.9,0.0,0.0,0.0,2.209072203437452,0.0,7.15
36.0,0.0,0.0,0.0,2.209072203437452,0.0,7.15
36.1,0.0,0.0,0.0,2.209072203437452,0.0,7.15
36.2,0.0,0.0,0.0,2.209072203437452,0.0,7.15
36.3,0.0,0.0,0.0,2.209072203437452,0.0,7.15
36.4,0.0,0.0,0.0,2.209072203437452,0.0,7.15
36.5,0.0,0.0,0.0,2.209072203437452,0.0,7.15
36.6,0.0,0.0,0.0,2.209072203437452,0.0,7.15
36.7,0.0,0.0,0.0,2.209072203437452,0.0,7.15
36.8,0.0,0.0,0.0,2.209072203437452,0.0,7.15
36.9,0.0,0.0,0.0,2.209072203437452,0.0,7.15
37.0,0.0,0.0,0.0,2.209072203437452,0.0,7.15
37.1,0.0,0.0,0.0,2.209072203437452,0.0,7.15
37.2,0.0,0.0,0.0,2.209072203437452,0.0,7.15
37.3,0.0,0.0,0.0,2.209072203437452,0.0,7.15
37.4,0.0,0.0,0.0,2.209072203437452,0.0,7.15
37.5,0.0,0.0,0.0,2.209072203437452,0.0,7.15
37.6,0.0,0.0,0.0,2.209072203437452,0.0,7.15
37.7,0.0,0.0,0.0,2.209072203437452,0.0,7.15
37.8,0.0,0.0,0.0,2.209072203437452,0.0,7.15
37.9,0.0,0.0,0.0,2.209072203437452,0.0,7.15
38.0,0.0,0.0,0.0,2.209072203437452,0.0,7.15
38.1,0.0,0.0,0.0,2.209072203437452,0.0,7.15
38.2,0.0,0.0,0.0,2.209072203437452,0.0,7.15
38.3,0.0,0.0,0.0,2.209072203437452,0.0,7.15
38.4,0.0,0.0,0.0,2.209072203437452,0.0,7.15
38.5,0.0,0.0,0.0,2.209072203437452,0.0,7.15
38.6,0.0,0.0,0.0,2.209072203437452,0.0,7.15
38.7,0.0,0.0,0.0,2.209072203437452,0.0,7.15
38.8,0.0,0.0,0.0,2.209072203437452,0.0,7.15
38.9,0.0,0.0,0.0,2.209072203437452,0.0,7.15
39.0,0.0,0.0,0.0,2.209072203437452,0.0,7.15
39.1,0.0,0.0,0.0,2.209072203437452,0.0,7.15
39.2,0.0,0.0,0.0,2.209072203437452,0.0,7.15
39.3,0.0,0.0,0.0,2.209072203437452,0.0,7.15
39.4,0.0,0.0,0.0,2.209072203437452,0.0,7.15
39.5,0.0,0.0,0.0,2.209072203437452,0.0,7.15
39.6,0.0,0.0,0.0,2.209072203437452,0.0,7.15
39.7,0.0,0.0,0.0,2.209072203437452,0.0,7.15
39.8,0.0,0.0,0.0,2.209072203437452,0.0,7.15
39.9,0.0,0.0,0.0,2.209072203437452,0.0,7.15
40.0,0.0,0.0,0.0,2.209072203437452,0.0,7.15
40.1,0.0,0.0,0.0,2.209072203437452,0.0,7.15
40.2,0.0,0.0,0.0,2.209072203437452,0.0,7.15
40.3,0.0,0.0,0.0,2.209072203437452,0.0,7.15
40.4,0.0,0.0,0.0,2.209072203437452,0.0,7.15
40.5,0.0,0.0,0.0,2.209072203437452,0.0,7.15
40.6,0.0,0.0,0.0,2.209072203437452,0.0,7.15
40.7,0.0,0.0,0.0,2.209072203437452,0.0,7.15
40.8,0.0,0.0,0.0,2.209072203437452,0.0,7.15
40.9,0.0,0.0,0.0,2.209072203437452,0.0,7.15
41.0,0.0,0.0,0.0,2.209072203437452,0.0,7.15
41.1,0.0,0.0,0.0,2.209072203437452,0.0,7.15
41.2,0.0,0.0,0.0,2.209072203437452,0.0,7.15
41.3,0.0,0.0,0.0,2.209072203437452,0.0,7.15
41.4,0.0,0.0,0.0,2.209072203437452,0.0,7.15
41.5,0.0,0.0,0.0,2.209072203437452,0.0,7.15
41.6,0.0,0.0,0.0,2.209072203437452,0.0,7.15
41.7,0.0,0.0,0.0,2.209072203437452,0.0,7.15
41.8,0.0,0.0,0.0,2.209072203437452,0.0,7.15
41.9,0.0,0.0,0.0,2.209072203437452,0.0,7.15
42.0,0.0,0.0,0.0,2.209072203437452,0.0,7.15
42.1,0.0,0.0,0.0,2.209072203437452,0.0,7.15
42.2,0.0,0.0,0.0,2.209072203437452,0.0,7.15
42.3,0.0,0.0,0.0,2.209072203437452,0.0,7.15
42.4,0.0,0.0,0.0,2.209072203437452,0.0,7.15
42.5,0.0,0.0,0.0,2.209072203437452,0.0,7.15
42.6,0.0,0.0,0.0,2.209072203437452,0.0,7.15
42.7,0.0,0.0,0.0,2.209072203437452,0.0,7.15
42.8,0.0,0.0,0.0,2.209072203437452,0.0,7.15
42.9,0.0,0.0,0.0,2.209072203437452,0.0,7.15
43.0,0.0,0.0,0.0,2.209072203437452,0.0,7.15
43.1,0.0,0.0,0.0,2.209072203437452,0.0,7.15
43.2,0.0,0.0,0.0,2.209072203437452,0.0,7.15
43.3,0.0,0.0,0.0,2.209072203437452,0.0,7.15
43.4,0.0,0.0,0.0,2.209072203437452,0.0,7.15
43.5,0.0,0.0,0.0,2.209072203437452,0.0,7.15
43.6,0.0,0.0,0.0,2.209072203437452,0.0,7.15
43.7,0.0,0.0,0.0,2.209072203437452,0.0,7.15
43.8,0.0,0.0,0.0,2.209072203437452,0.0,7.15
43.9,0.0,0.0,0.0,2.209072203437452,0.0,7.15
44.0,0.0,0.0,0.0,2.209072203437452,0.0,7.15
44.1,0.0,0.0,0.0,2.209072203437452,0.0,7.15
44.2,0.0,0.0,0.0,2.209072203437452,0.0,7.15
44.3,0.0,0.0,0.0,2.209072203437452,0.0,7.15
44.4,0.0,0.0,0.0,2.209072203437452,0.0,7.15
44.5,0.0,0.0,0.0,2.209072203437452,0.0,7.15
44.6,0.0,0.0,0.0,2.209072203437452,0.0,7.15
44.7,0.0,0.0,0.0,2.209072203437452,0.0,7.15
44.8,0.0,0.0,0.0,2.209072203437452,0.0,7.15
44.9,0.0,0.0,0.0,2.209072203437452,0.0,7.15
45.0,0.0,0.0,0.0,2.209072203437452,0.0,7.15
45.1,0.0,0.0,0.0,2.209737669588859,0.0,7.15
45.2,0.0,0.0,0.0,2.211880249575234,0.0,7.15
45.3,0.0,0.0,0.0,2.21595841673101,0.0,7.15
45.4,0.0,0.0,0.0,2.2227143848520003,0.0,7.15
45.5,0.0,0.0,0.0,2.233115686593957,0.0,7.15
45.6,0.0,0.0,0.0,2.248305696214819,0.0,7.15
45.7,0.0,0.0,0.0,2.269533341892117,0.0,7.15
45.8,0.0,0.0,0.0,2.2980840584410775,0.0,7.15
45.9,0.0,0.0,0.0,2.335210768568228,0.0,7.15
46.0,0.0,0.0,0.0,2.3820614113767093,0.0,7.15
46.1,0.0,0.0,0.0,2.439613239997685,0.0,7.15
46.2,0.0,0.0,0.0,2.5086241423929976,0.0,7.15
46.3,0.0,0.0,0.0,2.5895975428626032,0.0,7.15
46.4,0.0,0.0,0.0,2.6827774373529465,0.0,7.15
46.5,0.0,0.0,0.0,2.7881481753954542,0.0,7.15
46.6,0.0,0.0,0.0,2.9054631221829337,0.0,7.15
46.7,0.0,0.0,0.0,3.0342785413592144,0.0,7.15
46.8,0.0,0.0,0.0,3.173989295771028,0.0,7.15
46.9,0.0,0.0,0.0,3.3238713394433717,0.0,7.15
47.0,0.0,0.0,0.0,3.483116351339415,0.0,7.15
47.1,0.0,0.0,0.0,3.650859729595346,0.0,7.15
47.2,0.0,0.0,0.0,3.8262059620199484,0.0,7.15
47.3,0.0,0.0,0.0,3.845406929154414,0.0,7.15
47.4,0.0,0.0,0.0,3.4684669106825603,0.0,7.15
47.5,0.0,0.0,0.0,3.1314814840688414,0.0,7.15
47.6,0.0,0.0,0.0,2.8509182946131575,0.0,7.15
47.7,0.0,0.0,0.0,2.646579005385253,0.0,7.15
47.8,0.0,0.0,0.0,2.5381228839017984,0.0,7.15
47.9,0.0,0.0,0.0,2.538362191866247,0.0,7.15
48.0,0.0,0.0,0.0,2.647079460700982,0.0,7.15
48.1,0.0,0.0,0.0,2.8511072619817366,0.0,7.15
48.2,0.0,0.0,0.0,3.1306026555532394,0.0,7.15
48.3,0.0,0.0,0.0,3.465723174302612,0.0,7.15
48.4,0.0,0.0,0.0,3.8400156558964977,0.0,7.15
48.5,0.0,0.0,0.0,4.240992720501298,0.0,7.15
48.6,0.0,0.0,0.0,4.659481406484846,0.0,7.15
48.7,0.0,0.0,0.0,5.08875696376286,0.0,7.15
48.8,0.0,0.0,0.0,5.523807245258685,0.0,7.15
48.9,0.0,0.0,0.0,5.9608060923359485,0.0,7.15
49.0,0.0,0.0,0.0,6.396745369455392,0.0,7.15
49.1,0.0,0.0,0.0,6.82918638516749,0.0,7.15
49.2,0.0,0.0,0.0,7.256094357099072,0.0,7.15
49.3,0.0,0.0,0.0,7.675723439169852,0.0,7.15
49.4,0.0,0.0,0.0,8.029775292578817,0.0,7.15
49.5,0.0,0.0,0.0,8.22608704052966,0.0,7.15
49.6,0.0,0.0,0.0,8.427942642283762,0.0,7.15
49.7,0.0,0.0,0.0,8.634921771429374,0.0,7.15
49.8,0.0,0.0,0.0,8.846598764942394,0.0,7.15
49.9,0.0,0.0,0.0,9.062543608018794,0.0,7.15
50.0,0.0,0.0,0.0,9.28232355226912,0.0,7.15
50.1,0.0,0.0,0.0,9.505502165995123,0.0,7.15
50.2,0.0,0.0,0.0,9.731642052918408,0.0,7.15
50.3,0.0,0.0,0.0,9.960300981460616,0.0,7.15
50.4,0.0,0.0,0.0,10.191038179749762,0.0,7.15
50.5,0.0,0.0,0.0,10.42340714954496,0.0,7.15
50.6,0.0,0.0,0.0,10.65696534168827,0.0,7.15
50.7,0.0,0.0,0.0,10.764717277992998,0.0,7.15
50.8,0.0,0.0,0.0,10.586435230101007,0.0,7.15
50.9,0.0,0.0,0.0,10.411174931874104,0.0,7.15
51.0,0.0,0.0,0.0,10.239140588936163,0.0,7.15
51.1,0.0,0.0,0.0,10.06369700861592,0.0,7.15
51.2,0.0,0.0,0.0,9.878467626136405,0.0,7.15
51.3,0.0,0.0,0.0,9.684044828681905,0.0,7.15
51.4,0.0,0.0,0.0,9.481025246723515,0.0,7.15
51.5,0.0,0.0,0.0,9.27001104310243,0.0,7.15
51.6,0.0,0.0,0.0,9.051604458439455,0.0,7.15
51.7,0.0,0.0,0.0,8.826416031020122,0.0,7.15
51.8,0.0,0.0,0.0,8.595058315556892,0.0,7.15
51.9,0.0,0.0,0.0,8.35815133363166,0.0,7.15
52.0,0.0,0.0,0.0,8.116319401433694,0.0,7.15
52.1,0.0,0.0,0.0,7.870196760825996,0.0,7.15
52.2,0.0,0.0,0.0,7.620421775395113,0.0,7.15
52.3,0.0,0.0,0.0,7.367645702341063,0.0,7.15
52.4,0.0,0.0,0.0,7.112527224053328,0.0,7.15
52.5,0.0,0.0,0.0,6.855738673421268,0.0,7.15
52.6,0.0,0.0,0.0,6.597963878682575,0.0,7.15
52.7,0.0,0.0,0.0,6.339904790604982,0.0,7.15
52.8,0.0,0.0,0.0,6.082277967232407,0.0,7.15
52.9,0.0,0.0,0.0,5.825819866230314,0.0,7.15
53.0,0.0,0.0,0.0,5.571293244182718,0.0,7.15
53.1,0.0,0.0,0.0,5.319481790490593,0.0,7.15
53.2,0.0,0.0,0.0,5.071200734809853,0.0,7.15
53.3,0.0,0.0,0.0,4.827296450107951,0.0,7.15
53.4,0.0,0.0,0.0,4.588650587250663,0.0,7.15
53.5,0.0,0.0,0.0,4.356183727556036,0.0,7.15
53.6,0.0,0.0,0.0,4.1308546153652035,0.0,7.15
53.7,0.0,0.0,0.0,3.913662953746017,0.0,7.15
53.8,0.0,0.0,0.0,3.7056474509936717,0.0,7.15
53.9,0.0,0.0,0.0,3.5078746554004616,0.0,7.15
54.0,0.0,0.0,0.0,3.321429014626235,0.0,7.15
54.1,0.0,0.0,0.0,3.1473901294984072,0.0,7.15
54.2,0.0,0.0,0.0,2.9868005859864497,0.0,7.15
54.3,0.0,0.0,0.0,2.84061886860521,0.0,7.15
54.4,0.0,0.0,0.0,2.7096608786554737,0.0,7.15
54.5,0.0,0.0,0.0,2.5945329784038207,0.0,7.15
54.6,0.0,0.0,0.0,2.4955545231703518,0.0,7.15
54.7,0.0,0.0,0.0,2.41269274629075,0.0,7.15
54.8,0.0,0.0,0.0,2.3455115344845314,0.0,7.15
54.9,0.0,0.0,0.0,2.293155276768014,0.0,7.15
55.0,0.0,0.0,0.0,2.25436890097628,0.0,7.15
55.1,0.0,0.0,0.0,2.2275589494655357,0.0,7.15
55.2,0.0,0.0,0.0,2.21088514766394,0.0,7.15
55.3,0.0,0.0,0.0,2.2023682342989326,0.0,7.15
55.4,0.0,0.0,0.0,2.2000003026627066,0.0,7.15
55.5,0.0,0.0,0.0,2.2018439019294718,0.0,7.15
55.6,0.0,0.0,0.0,2.206114521742695,0.0,7.15
55.7,0.0,0.0,0.0,2.211245245269959,0.0,7.15
55.8,0.0,0.0,0.0,2.2159355349549323,0.0,7.15
55.9,0.0,0.0,0.0,2.219191613668365,0.0,7.15
56.0,0.0,0.0,0.0,2.220360331117452,0.0,7.15
56.1,0.0,0.0,0.0,2.220360331117452,0.0,7.15
56.2,0.0,0.0,0.0,2.220360331117452,0.0,7.15
56.3,0.0,0.0,0.0,2.220360331117452,0.0,7.15
56.4,0.0,0.0,0.0,2.220360331117452,0.0,7.15
56.5,0.0,0.0,0.0,2.220360331117452,0.0,7.15
56.6,0.0,0.0,0.0,2.220360331117452,0.0,7.15
56.7,0.0,0.0,0.0,2.220360331117452,0.0,7.15
56.8,0.0,0.0,0.0,2.220360331117452,0.0,7.15
56.9,0.0,0.0,0.0,2.220360331117452,0.0,7.15
57.0,0.0,0.0,0.0,2.220360331117452,0.0,7.15
57.1,0.0,0.0,0.0,2.220360331117452,0.0,7.15
57.2,0.0,0.0,0.0,2.220360331117452,0.0,7.15
57.3,0.0,0.0,0.0,2.220360331117452,0.0,7.15
57.4,0.0,0.0,0.0,2.220360331117452,0.0,7.15
57.5,0.0,0.0,0.0,2.220360331117452,0.0,7.15
57.6,0.0,0.0,0.0,2.220360331117452,0.0,7.15
57.7,0.0,0.0,0.0,2.220360331117452,0.0,7.15
57.8,0.0,0.0,0.0,2.220360331117452,0.0,7.15
57.9,0.0,0.0,0.0,2.220360331117452,0.0,7.15
58.0,0.0,0.0,0.0,2.220360331117452,0.0,7.15
58.1,0.0,0.0,0.0,2.220360331117452,0.0,7.15
58.2,0.0,0.0,0.0,2.220360331117452,0.0,7.15
58.3,0.0,0.0,0.0,2.220360331117452,0.0,7.15
58.4,0.0,0.0,0.0,2.220360331117452,0.0,7.15
58.5,0.0,0.0,0.0,2.220360331117452,0.0,7.15
58.6,0.0,0.0,0.0,2.220360331117452,0.0,7.15
58.7,0.0,0.0,0.0,2.220360331117452,0.0,7.15
58.8,0.0,0.0,0.0,2.220360331117452,0.0,7.15
58.9,0.0,0.0,0.0,2.220360331117452,0.0,7.15
59.0,0.0,0.0,0.0,2.220360331117452,0.0,7.15
59.1,0.0,0.0,0.0,2.220360331117452,0.0,7.15
59.2,0.0,0.0,0.0,2.220360331117452,0.0,7.15
59.3,0.0,0.0,0.0,2.220360331117452,0.0,7.15
59.4,0.0,0.0,0.0,2.220360331117452,0.0,7.15
59.5,0.0,0.0,0.0,2.220360331117452,0.0,7.15
59.6,0.0,0.0,0.0,2.220360331117452,0.0,7.15
59.7,0.0,0.0,0.0,2.220360331117452,0.0,7.15
59.8,0.0,0.0,0.0,2.220360331117452,0.0,7.15
59.9,0.0,0.0,0.0,2.220360331117452,0.0,7.15
60.0,0.0,0.0,0.0,2.220360331117452,0.0,7.15
60.1,0.0,0.0,0.0,2.220360331117452,0.0,7.15
60.2,0.0,0.0,0.0,2.220360331117452,0.0,7.15
60.3,0.0,0.0,0.0,2.220360331117452,0.0,7.15
60.4,0.0,0.0,0.0,2.220360331117452,0.0,7.15
60.5,0.0,0.0,0.0,2.220360331117452,0.0,7.15
60.6,0.0,0.0,0.0,2.220360331117452,0.0,7.15
60.7,0.0,0.0,0.0,2.220360331117452,0.0,7.15
60.8,0.0,0.0,0.0,2.220360331117452,0.0,7.15
60.9,0.0,0.0,0.0,2.220360331117452,0.0,7.15
61.0,0.0,0.0,0.0,2.220360331117452,0.0,7.15
61.1,0.0,0.0,0.0,2.220360331117452,0.0,7.15
61.2,0.0,0.0,0.0,2.220360331117452,0.0,7.15
61.3,0.0,0.0,0.0,2.220360331117452,0.0,7.15
61.4,0.0,0.0,0.0,2.220360331117452,0.0,7.15
61.5,0.0,0.0,0.0,2.220360331117452,0.0,7.15
61.6,0.0,0.0,0.0,2.220360331117452,0.0,7.15
61.7,0.0,0.0,0.0,2.220360331117452,0.0,7.15
61.8,0.0,0.0,0.0,2.220360331117452,0.0,7.15
61.9,0.0,0.0,0.0,2.220360331117452,0.0,7.15
62.0,0.0,0.0,0.0,2.220360331117452,0.0,7.15
62.1,0.0,0.0,0.0,2.220360331117452,0.0,7.15
62.2,0.0,0.0,0.0,2.220360331117452,0.0,7.15
62.3,0.0,0.0,0.0,2.220360331117452,0.0,7.15
62.4,0.0,0.0,0.0,2.220360331117452,0.0,7.15
62.5,0.0,0.0,0.0,2.220360331117452,0.0,7.15
62.6,0.0,0.0,0.0,2.220360331117452,0.0,7.15
62.7,0.0,0.0,0.0,2.220360331117452,0.0,7.15
62.8,0.0,0.0,0.0,2.220360331117452,0.0,7.15
62.9,0.0,0.0,0.0,2.220360331117452,0.0,7.15
63.0,0.0,0.0,0.0,2.220360331117452,0.0,7.15
63.1,0.0,0.0,0.0,2.220360331117452,0.0,7.15
63.2,0.0,0.0,0.0,2.220360331117452,0.0,7.15
63.3,0.0,0.0,0.0,2.220360331117452,0.0,7.15
63.4,0.0,0.0,0.0,2.220360331117452,0.0,7.15
63.5,0.0,0.0,0.0,2.220360331117452,0.0,7.15
63.6,0.0,0.0,0.0,2.220360331117452,0.0,7.15
63.7,0.0,0.0,0.0,2.220360331117452,0.0,7.15
63.8,0.0,0.0,0.0,2.220360331117452,0.0,7.15
63.9,0.0,0.0,0.0,2.220360331117452,0.0,7.15
64.0,0.0,0.0,0.0,2.220360331117452,0.0,7.15
64.1,0.0,0.0,0.0,2.220360331117452,0.0,7.15
64.2,0.0,0.0,0.0,2.220360331117452,0.0,7.15
64.3,0.0,0.0,0.0,2.220360331117452,0.0,7.15
64.4,0.0,0.0,0.0,2.220360331117452,0.0,7.15
64.5,0.0,0.0,0.0,2.220360331117452,0.0,7.15
64.6,0.0,0.0,0.0,2.220360331117452,0.0,7.15
64.7,0.0,0.0,0.0,2.220360331117452,0.0,7.15
64.8,0.0,0.0,0.0,2.220360331117452,0.0,7.15
64.9,0.0,0.0,0.0,2.220360331117452,0.0,7.15
65.0,0.0,0.0,0.0,2.220360331117452,0.0,7.15
65.1,0.0,0.0,0.0,2.220360331117452,0.0,7.15
65.2,0.0,0.0,0.0,2.220360331117452,0.0,7.15
65.3,0.0,0.0,0.0,2.220360331117452,0.0,7.15
65.4,0.0,0.0,0.0,2.220360331117452,0.0,7.15
65.5,0.0,0.0,0.0,2.220360331117452,0.0,7.15
65.6,0.0,0.0,0.0,2.220360331117452,0.0,7.15
65.7,0.0,0.0,0.0,2.220360331117452,0.0,7.15
65.8,0.0,0.0,0.0,2.220360331117452,0.0,7.15
65.9,0.0,0.0,0.0,2.220360331117452,0.0,7.15
66.0,0.0,0.0,0.0,2.220360331117452,0.0,7.15
66.1,0.0,0.0,0.0,2.220360331117452,0.0,7.15
66.2,0.0,0.0,0.0,2.220360331117452,0.0,7.15
66.3,0.0,0.0,0.0,2.220360331117452,0.0,7.15
66.4,0.0,0.0,0.0,2.220360331117452,0.0,7.15
66.5,0.0,0.0,0.0,2.220360331117452,0.0,7.15
66.6,0.0,0.0,0.0,2.220360331117452,0.0,7.15
66.7,0.0,0.0,0.0,2.220360331117452,0.0,7.15
66.8,0.0,0.0,0.0,2.220360331117452,0.0,7.15
66.9,0.0,0.0,0.0,2.220360331117452,0.0,7.15
67.0,0.0,0.0,0.0,2.220360331117452,0.0,7.15
67.1,0.0,0.0,0.0,2.220360331117452,0.0,7.15
67.2,0.0,0.0,0.0,2.220360331117452,0.0,7.15
67.3,0.0,0.0,0.0,2.220360331117452,0.0,7.15
67.4,0.0,0.0,0.0,2.220360331117452,0.0,7.15
67.5,0.0,0.0,0.0,2.220360331117452,0.0,7.15
67.6,0.0,0.0,0.0,2.220360331117452,0.0,7.15
67.7,0.0,0.0,0.0,2.220360331117452,0.0,7.15
67.8,0.0,0.0,0.0,2.220360331117452,0.0,7.15
67.9,0.0,0.0,0.0,2.220360331117452,0.0,7.15
68.0,0.0,0.0,0.0,2.220360331117452,0.0,7.15
68.1,0.0,0.0,0.0,2.220360331117452,0.0,7.15
68.2,0.0,0.0,0.0,2.220360331117452,0.0,7.15
68.3,0.0,0.0,0.0,2.220360331117452,0.0,7.15
68.4,0.0,0.0,0.0,2.220360331117452,0.0,7.15
68.5,0.0,0.0,0.0,2.220360331117452,0.0,7.15
68.6,0.0,0.0,0.0,2.220360331117452,0.0,7.15
68.7,0.0,0.0,0.0,2.220360331117452,0.0,7.15
68.8,0.0,0.0,0.0,2.220360331117452,0.0,7.15
68.9,0.0,0.0,0.0,2.220360331117452,0.0,7.15
69.0,0.0,0.0,0.0,2.220360331117452,0.0,7.15
69.1,0.0,0.0,0.0,2.220360331117452,0.0,7.15
69.2,0.0,0.0,0.0,2.220360331117452,0.0,7.15
69.3,0.0,0.0,0.0,2.220360331117452,0.0,7.15
69.4,0.0,0.0,0.0,2.220360331117452,0.0,7.15
69.5,0.0,0.0,0.0,2.220360331117452,0.0,7.15
69.6,0.0,0.0,0.0,2.220360331117452,0.0,7.15
69.7,0.0,0.0,0.0,2.220360331117452,0.0,7.15
69.8,0.0,0.0,0.0,2.220360331117452,0.0,7.15
69.9,0.0,0.0,0.0,2.220360331117452,0.0,7.15
70.0,0.0,0.0,0.0,2.220360331117452,0.0,7.15
70.1,0.0,0.0,0.0,2.220360331117452,0.0,7.15
70.2,0.0,0.0,0.0,2.220360331117452,0.0,7.15
70.3,0.0,0.0,0.0,2.220360331117452,0.0,7.15
70.4,0.0,0.0,0.0,2.220360331117452,0.0,7.15
70.5,0.0,0.0,0.0,2.220360331117452,0.0,7.15
70.6,0.0,0.0,0.0,2.220360331117452,0.0,7.15
70.7,0.0,0.0,0.0,2.220360331117452,0.0,7.15
70.8,0.0,0.0,0.0,2.220360331117452,0.0,7.15
70.9,0.0,0.0,0.0,2.220360331117452,0.0,7.15
71.0,0.0,0.0,0.0,2.220360331117452,0.0,7.15
71.1,0.0,0.0,0.0,2.220360331117452,0.0,7.15
71.2,0.0,0.0,0.0,2.220360331117452,0.0,7.15
71.3,0.0,0.0,0.0,2.220360331117452,0.0,7.15
71.4,0.0,0.0,0.0,2.220360331117452,0.0,7.15
71.5,0.0,0.0,0.0,2.220360331117452,0.0,7.15
71.6,0.0,0.0,0.0,2.220360331117452,0.0,7.15
71.7,0.0,0.0,0.0,2.220360331117452,0.0,7.15
71.8,0.0,0.0,0.0,2.220360331117452,0.0,7.15
71.9,0.0,0.0,0.0,2.220360331117452,0.0,7.15
72.0,0.0,0.0,0.0,2.220360331117452,0.0,7.15
72.1,0.0,0.0,0.0,2.220360331117452,0.0,7.15
72.2,0.0,0.0,0.0,2.220360331117452,0.0,7.15
72.3,0.0,0.0,0.0,2.220360331117452,0.0,7.15
72.4,0.0,0.0,0.0,2.220360331117452,0.0,7.15
72.5,0.0,0.0,0.0,2.220360331117452,0.0,7.15
72.6,0.0,0.0,0.0,2.220360331117452,0.0,7.15
72.7,0.0,0.0,0.0,2.220360331117452,0.0,7.15
72.8,0.0,0.0,0.0,2.220360331117452,0.0,7.15
72.9,0.0,0.0,0.0,2.220360331117452,0.0,7.15
73.0,0.0,0.0,0.0,2.220360331117452,0.0,7.15
73.1,0.0,0.0,0.0,2.220360331117452,0.0,7.15
73.2,0.0,0.0,0.0,2.220360331117452,0.0,7.15
73.3,0.0,0.0,0.0,2.220360331117452,0.0,7.15
73.4,0.0,0.0,0.0,2.220360331117452,0.0,7.15
73.5,0.0,0.0,0.0,2.220360331117452,0.0,7.15
73.6,0.0,0.0,0.0,2.220360331117452,0.0,7.15
73.7,0.0,0.0,0.0,2.220360331117452,0.0,7.15
73.8,0.0,0.0,0.0,2.220360331117452,0.0,7.15
73.9,0.0,0.0,0.0,2.220360331117452,0.0,7.15
74.0,0.0,0.0,0.0,2.220360331117452,0.0,7.15
74.1,0.0,0.0,0.0,2.220360331117452,0.0,7.15
74.2,0.0,0.0,0.0,2.220360331117452,0.0,7.15
74.3,0.0,0.0,0.0,2.220360331117452,0.0,7.15
74.4,0.0,0.0,0.0,2.220360331117452,0.0,7.15
74.5,0.0,0.0,0.0,2.220360331117452,0.0,7.15
74.6,0.0,0.0,0.0,2.220360331117452,0.0,7.15
74.7,0.0,0.0,0.0,2.220360331117452,0.0,7.15
74.8,0.0,0.0,0.0,2.220360331117452,0.0,7.15
74.9,0.0,0.0,0.0,2.220360331117452,0.0,7.15
75.0,0.0,0.0,0.0,2.220360331117452,0.0,7.15
75.1,0.0,0.0,0.0,2.220360331117452,0.0,7.15
75.2,0.0,0.0,0.0,2.220360331117452,0.0,7.15
75.3,0.0,0.0,0.0,2.220360331117452,0.0,7.15
75.4,0.0,0.0,0.0,2.220360331117452,0.0,7.15
75.5,0.0,0.0,0.0,2.220360331117452,0.0,7.15
75.6,0.0,0.0,0.0,2.220360331117452,0.0,7.15
75.7,0.0,0.0,0.0,2.220360331117452,0.0,7.15
75.8,0.0,0.0,0.0,2.220360331117452,0.0,7.15
75.9,0.0,0.0,0.0,2.220360331117452,0.0,7.15
76.0,0.0,0.0,0.0,2.220360331117452,0.0,7.15
76.1,0.0,0.0,0.0,2.220360331117452,0.0,7.15
76.2,0.0,0.0,0.0,2.220360331117452,0.0,7.15
76.3,0.0,0.0,0.0,2.220360331117452,0.0,7.15
76.4,0.0,0.0,0.0,2.220360331117452,0.0,7.15
76.5,0.0,0.0,0.0,2.220360331117452,0.0,7.15
76.6,0.0,0.0,0.0,2.220360331117452,0.0,7.15
76.7,0.0,0.0,0.0,2.220360331117452,0.0,7.15
76.8,0.0,0.0,0.0,2.220360331117452,0.0,7.15
76.9,0.0,0.0,0.0,2.220360331117452,0.0,7.15
77.0,0.0,0.0,0.0,2.220360331117452,0.0,7.15
77.1,0.0,0.0,0.0,2.220360331117452,0.0,7.15
77.2,0.0,0.0,0.0,2.220360331117452,0.0,7.15
77.3,0.0,0.0,0.0,2.220360331117452,0.0,7.15
77.4,0.0,0.0,0.0,2.220360331117452,0.0,7.15
77.5,0.0,0.0,0.0,2.220360331117452,0.0,7.15
77.6,0.0,0.0,0.0,2.220360331117452,0.0,7.15
77.7,0.0,0.0,0.0,2.220360331117452,0.0,7.15
77.8,0.0,0.019719427963516754,0.0,2.220360331117452,0.0,7.15
77.9,0.0,0.07191680308412635,0.0,2.220360331117452,0.0,7.15
78.0,0.014580145801458475,0.12890303728212185,0.0,2.220360331117452,0.0,7.15
78.1,0.10195301953021094,0.17579441528681888,0.0012170000000004024,2.220196225807305,0.0012170000000004024,7.15
78.2,0.18856988569886296,0.21561334494464177,0.004853,2.21970983500299,0.004853,7.15
78.3,0.2744307443074638,0.2428062742165957,0.010887000000001083,2.218915574502329,0.010887000000001083,7.15
78.4,0.359319593195943,0.25182104967905267,0.019297,2.2178354705002357,0.019297,7.15
78.5,0.4435604356043704,0.2413999664472199,0.03006,2.2164989518607943,0.03006,7.15
78.6,0.5269372693727223,0.23062887971537405,0.04315500000000208,2.214942291353208,0.04315500000000208,7.15
78.7,0.6095580955809747,0.22844074594592578,0.05856,2.213208818344984,0.05856,7.15
78.8,0.6915309153091871,0.22624701771493771,0.07625200000000273,2.211348721369834,0.07625200000000273,7.15
78.9,0.7725317253172768,0.22405293983012098,0.096211,2.2094184656875213,0.096211,7.15
79.0,0.8527765277653047,0.22186620467603513,0.118414,2.207481251425706,0.118414,7.15
79.1,0.9322653226532672,0.21964765102196915,0.14283900000000369,2.205606397325008,0.14283900000000369,7.15
79.2,1.0108901089011217,0.2174182580986681,0.169465,2.203869185370357,0.169465,7.15
79.3,1.088758887588922,0.2152650897138373,0.1982690000000043,2.2023508340773046,0.1982690000000043,7.15
79.4,1.1659796597966348,0.21312066267517893,0.229229,2.2011380089492345,0.229229,7.15
79.5,1.2422284222842634,0.21093008132878444,0.262324,2.2003225856623843,0.262324,7.15
79.6,1.3177211772118202,0.20875208752087748,0.29753200000000524,2.200001384323201,0.29753200000000524,7.15
79.7,1.3925659256592964,0.2065475200206619,0.33483,2.200275693839297,0.33483,7.15
79.8,1.4665466654667123,0.20433071463582486,0.3741970000000058,2.201250825055837,0.3741970000000058,7.15
79.9,1.539663396634014,0.20214782567408385,0.415611,2.2030356109970173,0.415611,7.15
80.0,1.6120241202412526,0.19995060090461436,0.459051,2.2057418753337843,0.459051,7.15
80.1,1.6836288362884342,0.19772505417362085,0.5044930000000066,2.2062492344340883,0.5044930000000066,7.15
80.2,1.7543695436954962,0.19551733978878172,0.551917,2.201083417934223,0.551917,7.15
80.3,1.8244622446225072,0.19333934598087277,0.6012990000000072,2.191469955243739,0.6012990000000072,7.15
80.4,1.8935829358294203,0.1678480481973308,0.65262,2.1806095418432894,0.65262,7.15
80.5,1.9620556205562605,0.035474472177677185,0.705856,2.1734154267318524,0.705856,7.15
80.6,2.029664296643035,-0.009727076660325462,0.760985000000008,2.176202492536255,0.760985000000008,7.15
80.7,2.0965169651697164,0.23982442854017094,0.817986,2.1961964751408294,0.817986,7.15
80.8,2.1626136261363436,0.6926518619069064,0.8768370000000085,2.2408061126177423,0.8768370000000085,7.15
80.9,2.2279542795428666,1.2610594448088523,0.937515,2.3166984918286193,0.937515,7.15
81.0,2.4924860726903892,1.8613712236229567,1.0,2.4288830925544778,1.0,7.15
81.1,3.7233105924887924,2.413954250323637,1.0807587944746724,2.571299519618847,1.0807510000000147,7.151122
81.2,4.891772291463652,2.8431518032136722,1.1951310375846012,2.7312780478936967,1.195076,7.154409
81.3,5.997424509419206,3.077392074380918,1.3413793413594037,2.9031473743709855,1.3412270000000237,7.159743000000001
81.4,7.0399922485127675,3.049080021798785,1.5177560696570782,3.0823521541942607,1.517454,7.167009
81.5,8.01965189250394,2.7535948963628893,1.7225104100091206,3.265306782796679,1.722007,7.176087
81.6,8.936143618368572,2.4584251467160563,1.9538923847543812,3.4492109565906786,1.9531380000000353,7.186861000000002
81.7,9.789671458206529,2.2831095128646393,2.210149251169667,3.631874297301602,2.209097,7.199213
81.8,10.580009935210278,2.1078470177086643,2.4895289290509037,3.811578768264562,2.488135000000042,7.213026000000002
81.9,11.307255326898913,1.9325557391630515,2.790279107892039,3.9869606123364196,2.788503,7.228183
82.0,11.971414569902967,1.7572391743573057,3.1106462295321973,4.156929912060702,3.108451,7.244565
82.1,12.572473935447318,1.5819475984307267,3.448877840865369,4.32060299109027,3.4462300000000496,7.262057000000003
82.2,13.110442763658117,1.4066690257408858,3.8032201667650063,4.477260481107616,3.80009,7.280539
82.3,13.585308509000175,1.2313825128731786,4.171921643162971,4.626304509130067,4.168283000000053,7.299896000000003
82.4,13.996968080069728,1.0227205152690004,4.553228468364093,4.767238818664008,4.549059,7.320009
82.5,14.345636609194784,0.6585674753442952,4.945387922673179,4.89964550388546,4.940669,7.340761
82.6,14.63120590316066,0.4146942339332469,5.346646274252366,5.023171964233871,5.341363000000058,7.362035000000002
82.7,14.853567956104381,0.5944293691553639,5.755251727696092,5.137515591760087,5.749393,7.383713
82.8,15.012824897861494,1.0766168007636772,6.16944954209164,5.242423778739386,6.163008000000059,7.4056780000000035
82.9,15.108988338695887,1.742886231823757,6.587488972569138,5.3376788841887075,6.580461,7.427813
83.0,15.428155474377029,2.477789474523778,7.007614234235227,5.4230987451825,7.0,7.45
83.1,17.08979868839899,3.168807165118622,7.451776277613609,5.491043952704538,7.443453000000067,7.475087000000005
83.2,18.643522183469084,3.706291186155724,7.9410965056524,5.535389266580717,7.931821,7.505599
83.3,20.08878722205794,3.983518231332976,8.472572756862258,5.558332950720477,8.46212100000008,7.540939000000005
83.4,21.425619278167325,3.8967777785639335,9.043190280392606,5.56216428865716,9.031365,7.580507
83.5,22.65369818030134,3.429586169698979,9.649934932477816,5.549220416269748,9.63657,7.623704
83.6,23.773169902990308,2.958479495600386,10.289787056319035,5.521871330411454,10.274750000000093,7.669932000000007
83.7,24.783800195501993,2.6563900120151516,10.959727561767746,5.482485362858072,10.942921,7.718592
83.8,25.68568874499951,2.3543394346652065,11.6567338914909,5.433417572078269,11.638096000000102,7.769085000000007
83.9,26.478856821700102,2.052378070615063,12.377786684671714,5.376978490090881,12.357291,7.820812
84.0,27.163352012472004,1.7505551352632267,13.119866351516183,5.31541856573544,13.097521,7.873174
84.1,27.739331909150614,1.4489236321861583,13.87995364718831,5.250908832076398,13.85580000000011,7.925573000000007
84.2,28.206656409426067,1.1475372090773348,14.655033008869957,5.185516698740447,14.629144,7.97741
84.3,28.565540984071248,0.846421160753259,15.442089070757657,5.121189095956714,15.414567000000112,8.028085000000008
84.4,28.81607302829128,0.5172913929423828,16.23811045134038,5.059744706836698,16.209084,8.077001
84.5,28.958417607688578,0.05175180117532818,17.040089969394298,5.0028555511216775,17.009711,8.123558
84.6,28.992727898464203,-0.3179885173846415,17.845021603324277,4.952054466567379,17.813461000000114,8.167157000000005
84.7,28.919209148522363,-0.32277131375393964,18.64990723873145,4.908740186919858,18.61735,8.207199
84.8,28.738091819797148,-0.04984374283699822,19.451753755462168,4.874201626642971,19.418393000000112,8.243087000000004
84.9,28.449676838941855,0.4113915858407893,20.247574959397337,4.849653627631564,20.213605,8.27422
85.0,28.29759501403653,0.9693426508989162,21.034392412447914,4.836288086228529,21.0,8.3
85.1,29.273763312092555,1.5302656129910162,21.829620311456864,4.821202182132788,21.794899000000118,8.322869000000004
85.2,30.175851957311632,1.9982782119726892,22.65127684897227,4.7917175335369055,22.61624,8.345638
85.3,31.00397403099763,2.2754010154257003,23.497307267541956,4.749419368612225,23.46196800000012,8.368257000000003
85.4,31.758009957397867,2.2615267686682046,24.365653852164012,4.695941695015604,24.330025,8.390681
85.5,32.438068404921935,1.9262600739002451,25.25426173099584,4.632947245569282,25.218356,8.412862
85.6,33.04404224474221,1.5804976797465429,26.161072976685503,4.5621227212104785,26.12490300000013,8.434752000000003
85.7,33.576035438010386,1.3748249157101498,27.084031664632995,4.485162049681819,27.04761,8.456305
85.8,34.03393908063686,1.1691568418649823,28.02108176554023,4.403751583522835,27.984421000000136,8.477472000000004
85.9,34.417754848121994,0.9634949739212715,28.970166295173254,4.319557326726202,28.933279,8.498207
86.0,34.727693642998034,0.7578509587368458,29.92922822885637,4.234200447415073,29.892127,8.518463
86.1,34.96343595959787,0.5521983240959187,30.896211511527415,4.149236496407488,30.85890900000014,8.538192000000004
86.2,35.12519556906788,0.3465287643667523,31.869060087265556,4.06612947402564,31.831569,8.557346
86.3,35.21297282351409,0.1408737166633358,32.84571594399774,3.9862256227590667,32.80804900000014,8.575879000000002
86.4,35.226662239645094,-0.06479651713708989,33.82412304026786,3.910718736357552,33.786293,8.593743
86.5,35.166368699138665,-0.27042890494493577,34.802225370399015,3.8406256416533235,34.764245,8.610891
86.6,35.031882818579234,-0.47606370892200545,35.77796693468346,3.776755474624474,35.739849000000135,8.627275000000001
86.7,34.82352270452244,-0.681740383697786,36.74928979793736,3.719695572073203,36.711047,8.642849
86.8,34.541080908675625,-0.8873730079725775,37.71413801445707,3.6697924849965227,37.67578300000014,8.657564000000002
86.9,34.18466390716202,-1.0930010065962463,38.670454733535394,3.6271583252299595,38.632,8.671374
87.0,33.75416472472825,-1.2986331290942772,39.61618414532716,3.591682781491846,39.577642,8.684232
87.1,33.249590484110364,-1.5042548068731563,40.54927048354578,3.563059569081183,40.510653000000126,8.696089000000002
87.2,32.67104846169371,-1.7098837287678847,41.46765710606854,3.540836493757091,41.428976,8.706899
87.3,32.018546454758024,-1.915486018566142,42.369287446789855,3.524466742107377,42.33055400000013,8.716614000000002
87.4,31.29186897308745,-2.1502199514266778,43.252106083433176,3.5133825874703715,43.213331,8.725188
87.5,30.4913494362751,-2.521341684423362,44.11405671195954,3.507068645901446,44.07525,8.732572
87.6,29.61677831140515,-2.787983045726797,44.95308423709158,3.505152250776564,44.91425500000011,8.73872
87.7,28.668165455541196,-2.6838704274885856,45.76713276860049,3.5074889904135143,45.728289,8.743584
87.8,27.645629602286704,-2.3133325002143224,46.55414669867109,3.514259859007727,46.51529500000011,8.747117
87.9,26.5490773445952,-1.778691003401697,47.31207275947441,3.5260628401504714,47.273218,8.749271
88.0,25.628764287643925,-1.1801465061583372,48.038855125086705,3.5440090293338704,48.0,8.75
88.1,25.86744667446761,-0.6157698759571701,48.753186125086806,3.566607862005022,48.7143310000001,8.75
88.2,25.999963999640855,-0.18162610628658626,49.47316312508671,3.591936625192739,49.434308,8.75
88.3,26.026424264243452,0.028366229143465205,50.195839125086806,3.6210434063436803,50.1569840000001,8.75
88.4,25.9467194671949,-0.0776704524001346,50.91826712508671,3.655195490818513,50.879412,8.75
88.5,25.76095760957644,-0.5158345460119591,51.63750112508671,3.6959046423634887,51.598646,8.75
88.6,25.46913869138804,-0.9579522368647773,52.3505931250868,3.744958996219329,52.3117380000001,8.75
88.7,25.071262712627547,-1.2526300088172349,53.05459712508671,3.8044539008951075,53.015742,8.75
88.8,24.567329673297024,-1.5472955428850668,53.74656612508681,3.8768161480519128,53.7077110000001,8.75
88.9,23.957231572317035,-1.8419789092993781,54.4235541250867,3.9648137265344516,54.384699,8.75
89.0,23.241076410765533,-2.136681856328895,55.0826131250867,4.071553845907114,55.043758,8.75
89.1,22.41875618756274,-2.4313778102814965,55.72079712508679,4.200445290987156,55.681942000000085,8.75
89.2,21.490486904870046,-2.7260276099266356,56.335159125086705,4.355145420069921,56.296304,8.75
89.3,20.45605256052667,-3.0206487379565665,56.92275212508678,4.539480023836355,56.883897000000076,8.75
89.4,19.315561155612173,-3.3518377141822313,57.480630125086705,4.757346888781184,57.441775,8.75
89.5,18.06901269012763,-3.8566990565013946,58.005846125086705,5.0126171370353045,57.966991,8.75
89.6,16.716407164071455,-4.235126617000748,58.49545212508677,5.309044859486166,58.456597000000066,8.75
89.7,15.25774457744579,-4.146793216184019,58.94650312508671,5.650197523352611,58.907648,8.75
89.8,13.692808928089555,-3.7126385249864526,59.35605212508676,6.039409183912097,59.31719700000006,8.75
89.9,12.021816218162353,-3.0539043152669425,59.721152125086704,6.479770474579791,59.682297,8.75
90.0,10.558185581856256,-2.2919480943058694,60.038855125086705,6.974133588928804,60.0,8.75
90.1,10.556673566736075,-1.5483476513085463,60.33233312508675,7.501846948378859,60.29347800000004,8.75
90.2,10.452560525606083,-0.9449293793639413,60.6248191250867,8.040401400678016,60.585964,8.75
90.3,10.245630456304427,-0.6038000939452832,60.91346012508675,8.590183721262443,60.874605000000045,8.75
90.4,9.93599135991405,-0.6472526263727083,61.195403125086706,9.15207929720241,61.156548,8.75
90.5,9.523751237512267,-1.1054561594567218,61.46779612508671,9.727332836700969,61.428941,8.75
90.6,9.008802088020829,-1.5731391579650111,61.72778512508674,10.31744881512725,61.688930000000035,8.75
90.7,8.391143911439219,-1.8584112414548297,61.972519125086706,10.924126458271346,61.933664,8.75
90.8,7.670776707767077,-2.143672835329534,62.19914412508673,11.549212489777267,62.16028900000003,8.75
90.9,6.847700477005588,-2.457800801784236,62.4048081250867,12.194659596595384,62.365953,8.75
91.0,5.921807218072376,-2.91560048467601,62.586659125086705,12.862510402718282,62.547804,8.75
91.1,4.893420934209681,-3.2835342339438256,62.74184212508673,13.554872769006861,62.70298700000002,8.75
91.2,3.7622176221764554,-3.2770925611355777,62.867506125086706,14.273904489846117,62.828651,8.75
91.3,2.5284132841330558,-2.9695209539510294,62.96079812508671,15.021805280083104,62.921943000000006,8.75
91.4,1.1917919179191827,-2.4407153162444017,63.018865125086705,15.800807413743899,62.98001,8.75
91.5,0.0,-1.777253786523981,63.038855125086705,16.613170166678728,63.0,8.75
91.6,0.0,-0.8772479333184753,63.038855125086705,17.44063205689943,63.0,8.75
91.7,0.0,-0.16569746117043607,63.038855125086705,18.262935868409794,63.0,8.75
91.8,0.0,0.0,63.038855125086705,19.079389758270707,63.0,8.75
91.9,0.0,0.0,63.038855125086705,19.889345521557235,63.0,8.75
92.0,0.0,0.0,63.038855125086705,20.69218087147822,63.0,8.75
92.1,0.0,0.0,63.038855125086705,20.84643938333404,63.0,8.75
92.2,0.0,0.0,63.038855125086705,20.091501481621126,63.0,8.75
92.3,0.0,0.0,63.038855125086705,19.33797309216467,63.0,8.75
92.4,0.0,0.0,63.038855125086705,18.585831879752277,63.0,8.75
92.5,0.0,0.0,63.038855125086705,17.83507173722786,63.0,8.75
92.6,0.0,0.0,63.038855125086705,17.085707537237447,63.0,8.75
92.7,0.0,0.0,63.038855125086705,16.337779919159427,63.0,8.75
92.8,0.0,0.0,63.038855125086705,15.591362408225839,63.0,8.75
92.9,0.0,0.0,63.038855125086705,14.846566445884516,63.0,8.75
93.0,0.0,0.0,63.038855125086705,14.103555731063567,63.0,8.75
93.1,0.0,0.0,63.038855125086705,13.362557119871227,63.0,8.75
93.2,0.0,0.0,63.038855125086705,12.623880165987039,63.0,8.75
93.3,0.0,0.0,63.038855125086705,11.887942369497493,63.0,8.75
93.4,0.0,0.0,63.038855125086705,11.155304969498637,63.0,8.75
93.5,0.0,0.0,63.038855125086705,10.426719835422885,63.0,8.75
93.6,0.0,0.0,63.038855125086705,9.703199017247973,63.0,8.75
93.7,0.0,0.0,63.038855125086705,8.986119208720135,63.0,8.75
93.8,0.0,0.0,63.038855125086705,8.277364544240056,63.0,8.75
93.9,0.0,0.0,63.038855125086705,7.579553852814887,63.0,8.75
94.0,0.0,0.0,63.038855125086705,6.896375859826668,63.0,8.75
94.1,0.0,0.0,63.038855125086705,6.230414777322197,63.0,8.75
94.2,0.0,0.0,63.038855125086705,5.587613101709889,63.0,8.75
94.3,0.0,0.0,63.038855125086705,4.981077076707326,63.0,8.75
94.4,0.0,0.0,63.038855125086705,4.4299661794392975,63.0,8.75
94.5,0.0,0.0,63.038855125086705,3.961751130421496,63.0,8.75
94.6,0.0,0.0,63.038855125086705,3.6129751612244334,63.0,8.75
94.7,0.0,0.0,63.038855125086705,3.424162731017468,63.0,8.75
94.8,0.0,0.0,63.038855125086705,3.4251078391082954,63.0,8.75
94.9,0.0,0.0,63.038855125086705,3.6181473820484413,63.0,8.75
95.0,0.0,0.0,63.038855125086705,3.977146963535668,63.0,8.75
95.1,0.0,0.0,63.038855125086705,4.463331426996734,63.0,8.75
95.2,0.0,0.0,63.038855125086705,5.040594203586017,63.0,8.75
95.3,0.0,0.0,63.038855125086705,5.6813786992332265,63.0,8.75
95.4,0.0,0.0,63.038855125086705,6.366331434666674,63.0,8.75
95.5,0.0,0.0,63.038855125086705,7.082171750312256,63.0,8.75
95.6,0.0,0.0,63.038855125086705,7.819725193504285,63.0,8.75
95.7,0.0,0.0,63.038855125086705,8.572511884075988,63.0,8.75
95.8,0.0,0.0,63.038855125086705,9.335819720831047,63.0,8.75
95.9,0.0,0.0,63.038855125086705,10.106110989896163,63.0,8.75
96.0,0.0,0.0,63.038855125086705,10.880644783038186,63.0,8.75
96.1,0.0,0.0,63.038855125086705,11.657228407490457,63.0,8.75
96.2,0.0,0.0,63.038855125086705,12.434051733387667,63.0,8.75
96.3,0.0,0.0,63.038855125086705,13.209584550797917,63.0,8.75
96.4,0.0,0.0,63.038855125086705,13.982496016626508,63.0,8.75
96.5,0.0,0.0,63.038855125086705,14.751603444006514,63.0,8.75
96.6,0.0,0.0,63.038855125086705,15.515838257899329,63.0,8.75
96.7,0.0,0.0,63.038855125086705,16.274216464649875,63.0,8.75
96.8,0.0,0.0,63.038855125086705,17.025820151344487,63.0,8.75
96.9,0.0,0.0,63.038855125086705,17.769784033307776,63.0,8.75
97.0,0.0,0.0,63.038855125086705,18.50528167108107,63.0,8.75
97.1,0.0,0.0,63.038855125086705,19.23152115191548,63.0,8.75
97.2,0.0,0.0,63.038855125086705,19.94773581238355,63.0,8.75
97.3,0.0,0.0,63.038855125086705,20.653180299276137,63.0,8.75
97.4,0.0,0.0,63.038855125086705,21.347126712759845,63.0,8.75
97.5,0.0,0.0,63.038855125086705,22.028861555255396,63.0,8.75
97.6,0.0,0.0,63.038855125086705,22.6976842863264,63.0,8.75
97.7,0.0,0.0,63.038855125086705,23.352903390650194,63.0,8.75
97.8,0.0,0.21926792694498842,63.038855125086705,22.548630677619375,63.0,8.75
97.9,0.0,0.7307485662269344,63.038855125086705,21.544679168770738,63.0,8.75
98.0,0.14904149041463827,1.2397816285855447,63.038855125086705,20.54465455094753,63.0,8.75
98.1,1.0130501305014727,1.6390513555486232,63.051105125086714,19.561702211451742,63.01225000000001,8.75
98.2,1.823058230582412,1.9424809632712212,63.08685512508671,18.607932984213377,63.048,8.75
98.3,2.579065790657912,2.0976223748253022,63.14460512508671,17.68288305436137,63.10575000000001,8.75
98.4,3.2810728107283147,2.055524051744321,63.2228551250867,16.786099519004438,63.184,8.75
98.5,3.9290792907931604,1.8146405240276744,63.320105125086705,15.917148832276496,63.28125,8.75
98.6,4.523085230852426,1.5750157501575686,63.43485512508673,15.075618874733525,63.39600000000002,8.75
98.7,5.063090630906641,1.4250142501425413,63.565605125086705,14.261118764376935,63.52675,8.75
98.8,5.549095490955338,1.27501275012754,63.710855125086724,13.473289224227804,63.67200000000002,8.75
98.9,5.981099810998249,1.12501125011294,63.869105125086705,12.711804189948175,63.83025,8.75
99.0,6.359103591036332,0.9750097500978043,64.03885512508671,11.97637758979634,64.0,8.75
99.1,6.6831068310687956,0.8250082500822735,64.21860512508674,11.266774558156467,64.17975000000003,8.75
99.2,6.953109531095518,0.6750067500671779,64.40685512508671,10.582816933015938,64.368,8.75
99.3,7.169111691118182,0.5250052500525317,64.60210512508674,9.92440174146165,64.56325000000002,8.75
99.4,7.331113311133601,0.3575196591128744,64.80285512508671,9.2915122588556,64.764,8.75
99.5,7.439114391143385,0.10699722381852794,65.00760512508671,8.684241419721355,64.96875,8.75
99.6,7.493114931149047,-0.08281970931587956,65.21485512508674,8.102812412425681,65.17600000000003,8.75
99.7,7.493114931150578,-0.04926937381280716,65.4231051250867,7.547611467537258,65.38425,8.75
99.8,7.439114391144908,0.14940324228391688,65.63085512508674,7.019223484804778,65.59200000000003,8.75
99.9,7.331113311133601,0.4549339199684965,65.8366051250867,6.518474962246991,65.79775,8.75
100.0,7.319125191251973,0.8090049431959869,66.03885512508671,6.04648658313239,66.0,8.75
100.1,8.00309603096026,1.1533713239226362,66.24860512508674,5.605341074432522,66.20975000000003,8.75
100.2,8.633066330662702,1.4297688431427353,66.47685512508671,5.197405921145282,66.438,8.75
100.3,9.209144091440928,1.5798797848121815,66.72210512508676,4.824763135992851,66.68325000000004,8.75
100.4,9.7311133111336,1.5454591608860433,66.98285512508672,4.489861074064548,66.944,8.75
100.5,10.199081990820693,1.3124386488626865,67.25760512508671,4.195433908477171,67.21875,8.75
100.6,10.613158131581914,1.0750166942232973,67.54485512508676,3.9443265999640236,67.50600000000004,8.75
100.7,10.973125731257632,0.9249973618618466,67.84310512508671,3.739197736172958,67.80425,8.75
100.8,11.279092790929317,0.7750136941926762,68.15085512508675,3.5820950691398292,68.11200000000004,8.75
100.9,11.531167311673471,0.6250121941773408,68.46660512508672,3.4739767504121284,68.42775,8.75
101.0,11.729133291333797,0.47499286181637146,68.78885512508671,3.4143018285970266,68.75,8.75
101.1,11.873098730986946,0.3250091941476292,69.11610512508676,3.4008442404098735,69.07725000000005,8.75
101.2,11.963171631717211,0.17500769413245365,69.44685512508671,3.4298259416833377,69.408,8.75
101.3,11.999135991359026,0.0249883617713067,69.77960512508676,3.4963364322879564,69.74075000000005,8.75
101.4,11.98109981099825,-0.1402639900528193,70.11285512508671,3.594898389440793,70.074,8.75
101.5,11.909171091711553,-0.3774310470375468,70.44510512508671,3.7200077171876944,70.40625,8.75
101.6,11.783133831337901,-0.5605737875556507,70.77485512508676,3.866537145900087,70.73600000000005,8.75
101.7,11.603096030960167,-0.5491047917470819,71.10060512508672,4.029972208237796,71.06175,8.75
101.8,11.369165691656452,-0.3962371791549515,71.42085512508676,4.206498235483308,71.38200000000005,8.75
101.9,11.081126811268952,-0.154476719592072,71.73410512508671,4.392991902842074,71.69525,8.75
102.0,10.87009270092808,0.1243655793206635,72.03885512508671,4.586958876648449,72.0,8.75
102.1,11.254792547925323,0.3890916531544981,72.34449312508676,4.778790182671786,72.30563800000004,8.75
102.2,11.57523175231713,0.589097149712769,72.66022212508672,4.958308507552148,72.621367,8.75
102.3,11.831626316264689,0.6745235284517239,72.98426012508675,5.1233058864105825,72.94540500000004,8.75
102.4,12.023976239763256,0.5961661015208044,73.31482612508671,5.272320348074556,73.275971,8.75
102.5,12.152173521734717,0.343965327765396,73.65014112508672,5.40444085012501,73.611286,8.75
102.6,12.216326163261856,0.08903445677807298,73.98842312508675,5.519168939515828,73.94956800000004,8.75
102.7,12.216218162182114,-0.08901347754806821,74.32789312508672,5.616308439809549,74.289038,8.75
102.8,12.152173521734701,-0.26710406964255284,74.66676912508676,5.6959028845544815,74.62791400000005,8.75
102.9,12.023976239763256,-0.4451520039673085,75.00327012508671,5.758175003674686,74.964415,8.75
103.0,11.831626316263124,-0.6231981900235155,75.33561812508671,5.80348501145381,75.296763,8.75
103.1,11.575339753396825,-0.8012391312723537,75.66202912508676,5.8443785380504805,75.62317400000005,8.75
103.2,11.254684546845535,-0.9793031496743367,75.98072612508672,5.8935459218942166,75.941871,8.75
103.3,10.870200702007757,-1.1573776576922459,76.28992512508675,5.951683888186612,76.25107000000004,8.75
103.4,10.421456214563229,-1.3554827855969869,76.58784812508671,6.019508829212233,76.548993,8.75
103.5,9.90866708667124,-1.64768360970311,76.87271312508672,6.097764374924625,76.833858,8.75
103.6,9.331725317253563,-1.8684630902257862,77.14274012508676,6.18721766951835,77.10388500000005,8.75
103.7,8.690738907390202,-1.8340798792608801,77.39614812508671,6.288663186290152,77.357293,8.75
103.8,7.985599855997974,-1.61528888016168,77.63115712508674,6.402915795317342,77.59230200000003,8.75
103.9,7.216416164161635,-1.2817194605510522,77.84598612508671,6.53081564281216,77.807131,8.75
104.0,6.555125551255234,-0.9019698588588856,78.03885512508671,6.67321888001166,78.0,8.75
104.1,6.679974799748685,-0.5433547342460479,78.22226512508674,6.81861783886743,78.18341000000002,8.75
104.2,6.722959229593419,-0.2720757976807118,78.40838612508671,6.955445428669828,78.369531,8.75
104.3,6.684078840789454,-0.15317740590005968,78.59494112508673,7.084539500179262,78.55608600000002,8.75
104.4,6.5631176311773425,-0.2505591489484029,78.7796551250867,7.2067903720050825,78.7408,8.75
104.5,6.360183601836782,-0.5762480701731327,78.96025112508671,7.323137216529611,78.921396,8.75
104.6,6.0753847538474774,-0.9050989111290892,79.13445212508674,7.434556682937402,79.09559700000003,8.75
104.7,5.708505085050097,-1.1327938454209505,79.29998212508671,7.542050802295159,79.261127,8.75
104.8,5.259760597606969,-1.360442625405362,79.45456312508672,7.646651579009038,79.41570800000001,8.75
104.9,4.728935289354277,-1.608645457083993,79.5959201250867,7.749407246609004,79.557065,8.75
105.0,4.116353163532555,-1.959895822734195,79.72177512508671,7.8513873201253475,79.68292,8.75
105.1,3.4216902169025527,-2.2479305212632776,79.82985312508673,7.953673202503688,79.79099800000002,8.75
105.2,2.64505445054433,-2.26851079699664,79.91787712508672,8.057362874875624,79.879022,8.75
105.3,1.7865538655387079,-2.0719273626308796,79.98356912508672,8.163567096257884,79.944714,8.75
105.4,0.8459724597251733,-1.7137786762486211,80.02465412508671,8.273406855401767,79.985799,8.75
105.5,0.0,-1.2549391228177973,80.03885512508671,8.388015663400012,80.0,8.75
105.6,0.0,-0.625883181908728,80.03885512508671,8.494827780492384,80.0,8.75
105.7,0.0,-0.12174667201227674,80.03885512508671,8.579765450925153,80.0,8.75
105.8,0.0,0.0,80.03885512508671,8.641730923769913,80.0,8.75
105.9,0.0,0.0,80.03885512508671,8.679660100969448,80.0,8.75
106.0,0.0,0.0,80.03885512508671,8.692525524840292,80.0,8.75
106.1,0.0,0.0,80.03885512508671,8.692525524840292,80.0,8.75
106.2,0.0,0.0,80.03885512508671,8.692525524840292,80.0,8.75
106.3,0.0,0.0,80.03885512508671,8.692525524840292,80.0,8.75
106.4,0.0,0.0,80.03885512508671,8.692525524840292,80.0,8.75
106.5,0.0,0.0,80.03885512508671,8.692525524840292,80.0,8.75
106.6,0.0,0.0,80.03885512508671,8.692525524840292,80.0,8.75
106.7,0.0,0.0,80.03885512508671,8.692525524840292,80.0,8.75
106.8,0.0,0.0,80.03885512508671,8.692525524840292,80.0,8.75
106.9,0.0,0.0,80.03885512508671,8.692525524840292,80.0,8.75
107.0,0.0,0.0,80.03885512508671,8.692525524840292,80.0,8.75
107.1,0.0,0.0,80.03885512508671,8.692525524840292,80.0,8.75
107.2,0.0,0.0,80.03885512508671,8.692525524840292,80.0,8.75
107.3,0.0,0.0,80.03885512508671,8.692525524840292,80.0,8.75
107.4,0.0,0.0,80.03885512508671,8.692525524840292,80.0,8.75
107.5,0.0,0.0,80.03885512508671,8.692525524840292,80.0,8.75
107.6,0.0,0.0,80.03885512508671,8.692525524840292,80.0,8.75
107.7,0.0,0.0,80.03885512508671,8.692525524840292,80.0,8.75
107.8,0.0,0.0,80.03885512508671,8.692525524840292,80.0,8.75
107.9,0.0,0.0,80.03885512508671,8.692525524840292,80.0,8.75
108.0,0.0,0.0,80.03885512508671,8.692525524840292,80.0,8.75
108.1,0.0,0.0,80.03885512508671,8.692525524840292,80.0,8.75
108.2,0.0,0.0,80.03885512508671,8.692525524840292,80.0,8.75
108.3,0.0,0.0,80.03885512508671,8.692525524840292,80.0,8.75
108.4,0.0,0.0,80.03885512508671,8.692525524840292,80.0,8.75
108.5,0.0,0.0,80.03885512508671,8.692525524840292,80.0,8.75
108.6,0.0,0.0,80.03885512508671,8.692525524840292,80.0,8.75
108.7,0.0,0.0,80.03885512508671,8.692525524840292,80.0,8.75
108.8,0.0,0.0,80.03885512508671,8.692525524840292,80.0,8.75
108.9,0.0,0.0,80.03885512508671,8.692525524840292,80.0,8.75
109.0,0.0,0.0,80.03885512508671,8.692525524840292,80.0,8.75
109.1,0.0,0.0,80.03885512508671,8.692525524840292,80.0,8.75
109.2,0.0,0.0,80.03885512508671,8.692525524840292,80.0,8.75
109.3,0.0,0.0,80.03885512508671,8.692525524840292,80.0,8.75
109.4,0.0,0.0,80.03885512508671,8.692525524840292,80.0,8.75
109.5,0.0,0.0,80.03885512508671,8.692525524840292,80.0,8.75
109.6,0.0,0.0,80.03885512508671,8.692525524840292,80.0,8.75
109.7,0.0,0.0,80.03885512508671,8.692525524840292,80.0,8.75
109.8,0.0,0.0,80.03885512508671,8.692525524840292,80.0,8.75
109.9,0.0,0.0,80.03885512508671,8.692525524840292,80.0,8.75
110.0,0.0,0.0,80.03885512508671,8.692525524840292,80.0,8.75
110.1,0.0,0.0,80.03885512508671,8.692525524840292,80.0,8.75
110.2,0.0,0.0,80.03885512508671,8.692525524840292,80.0,8.75
110.3,0.0,0.0,80.03885512508671,8.692525524840292,80.0,8.75
110.4,0.0,0.0,80.03885512508671,8.692525524840292,80.0,8.75
110.5,0.0,0.0,80.03885512508671,8.692525524840292,80.0,8.75
110.6,0.0,0.0,80.03885512508671,8.692525524840292,80.0,8.75
110.7,0.0,0.0,80.03885512508671,8.692525524840292,80.0,8.75
110.8,0.0,0.0,80.03885512508671,8.692525524840292,80.0,8.75
110.9,0.0,0.0,80.03885512508671,8.692525524840292,80.0,8.75
111.0,0.0,0.0,80.03885512508671,8.692525524840292,80.0,8.75
111.1,0.0,0.0,80.03885512508671,8.692525524840292,80.0,8.75
111.2,0.0,0.0,80.03885512508671,8.692525524840292,80.0,8.75
111.3,0.0,0.0,80.03885512508671,8.692525524840292,80.0,8.75
111.4,0.0,0.0,80.03885512508671,8.692525524840292,80.0,8.75
111.5,0.0,0.0,80.03885512508671,8.692525524840292,80.0,8.75
111.6,0.0,0.0,80.03885512508671,8.692525524840292,80.0,8.75
111.7,0.0,0.0,80.03885512508671,8.692525524840292,80.0,8.75
111.8,0.0,0.0,80.03885512508671,8.692525524840292,80.0,8.75
111.9,0.0,0.0,80.03885512508671,8.692525524840292,80.0,8.75
112.0,0.0,0.0,80.03885512508671,8.692525524840292,80.0,8.75
112.1,0.0,0.0,80.03885512508671,8.692525524840292,80.0,8.75
112.2,0.0,0.0,80.03885512508671,8.692525524840292,80.0,8.75
112.3,0.0,0.0,80.03885512508671,8.692525524840292,80.0,8.75
112.4,0.0,0.0,80.03885512508671,8.692525524840292,80.0,8.75
112.5,0.0,0.0,80.03885512508671,8.692525524840292,80.0,8.75
112.6,0.0,0.0,80.03885512508671,8.692525524840292,80.0,8.75
112.7,0.0,0.0,80.03885512508671,8.692525524840292,80.0,8.75
112.8,0.0,0.0,80.03885512508671,8.692525524840292,80.0,8.75
112.9,0.0,0.0,80.03885512508671,8.692525524840292,80.0,8.75
113.0,0.0,0.0,80.03885512508671,8.692525524840292,80.0,8.75
113.1,0.0,0.0,80.03885512508671,8.692525524840292,80.0,8.75
113.2,0.0,0.0,80.03885512508671,8.692525524840292,80.0,8.75
113.3,0.0,0.0,80.03885512508671,8.692525524840292,80.0,8.75
113.4,0.0,0.0,80.03885512508671,8.692525524840292,80.0,8.75
113.5,0.0,0.0,80.03885512508671,8.692525524840292,80.0,8.75
113.6,0.0,0.0,80.03885512508671,8.692525524840292,80.0,8.75
113.7,0.0,0.0,80.03885512508671,8.692525524840292,80.0,8.75
113.8,0.0,0.0,80.03885512508671,8.692525524840292,80.0,8.75
113.9,0.0,0.0,80.03885512508671,8.692525524840292,80.0,8.75
114.0,0.0,0.0,80.03885512508671,8.692525524840292,80.0,8.75
114.1,0.0,0.0,80.03885512508671,8.692525524840292,80.0,8.75
114.2,0.0,0.0,80.03885512508671,8.692525524840292,80.0,8.75
114.3,0.0,0.0,80.03885512508671,8.692525524840292,80.0,8.75
114.4,0.0,0.0,80.03885512508671,8.692525524840292,80.0,8.75
114.5,0.0,0.0,80.03885512508671,8.692525524840292,80.0,8.75
114.6,0.0,0.0,80.03885512508671,8.692525524840292,80.0,8.75
114.7,0.0,0.0,80.03885512508671,8.692525524840292,80.0,8.75
114.8,0.0,0.0,80.03885512508671,8.692525524840292,80.0,8.75
114.9,0.0,0.0,80.03885512508671,8.692525524840292,80.0,8.75
115.0,0.0,0.0,80.03885512508671,8.692525524840292,80.0,8.75
115.1,0.0,0.0,80.03885512508671,8.692525524840292,80.0,8.75
115.2,0.0,0.0,80.03885512508671,8.692525524840292,80.0,8.75
115.3,0.0,0.0,80.03885512508671,8.692525524840292,80.0,8.75
115.4,0.0,0.0,80.03885512508671,8.692525524840292,80.0,8.75
115.5,0.0,0.0,80.03885512508671,8.692525524840292,80.0,8.75
115.6,0.0,0.0,80.03885512508671,8.692525524840292,80.0,8.75
115.7,0.0,0.0,80.03885512508671,8.692525524840292,80.0,8.75
115.8,0.0,0.0,80.03885512508671,8.692525524840292,80.0,8.75
115.9,0.0,0.0,80.03885512508671,8.692525524840292,80.0,8.75
116.0,0.0,0.0,80.03885512508671,8.692525524840292,80.0,8.75
116.1,0.0,0.0,80.03885512508671,8.692525524840292,80.0,8.75
116.2,0.0,0.0,80.03885512508671,8.692525524840292,80.0,8.75
116.3,0.0,0.0,80.03885512508671,8.692525524840292,80.0,8.75
116.4,0.0,0.0,80.03885512508671,8.692525524840292,80.0,8.75
116.5,0.0,0.0,80.03885512508671,8.692525524840292,80.0,8.75
116.6,0.0,0.0,80.03885512508671,8.692525524840292,80.0,8.75
116.7,0.0,0.0,80.03885512508671,8.692525524840292,80.0,8.75
116.8,0.0,0.0,80.03885512508671,8.692525524840292,80.0,8.75
116.9,0.0,0.0,80.03885512508671,8.692525524840292,80.0,8.75
117.0,0.0,0.0,80.03885512508671,8.692525524840292,80.0,8.75
117.1,0.0,0.0,80.03885512508671,8.692525524840292,80.0,8.75
117.2,0.0,0.0,80.03885512508671,8.692525524840292,80.0,8.75
117.3,0.0,0.0,80.03885512508671,8.692525524840292,80.0,8.75
117.4,0.0,0.0,80.03885512508671,8.692525524840292,80.0,8.75
117.5,0.0,0.0,80.03885512508671,8.692525524840292,80.0,8.75
117.6,0.0,0.0,80.03885512508671,8.692525524840292,80.0,8.75
117.7,0.0,0.0,80.03885512508671,8.692525524840292,80.0,8.75
117.8,0.0,0.0,80.03885512508671,8.692525524840292,80.0,8.75
117.9,0.0,0.0,80.03885512508671,8.692525524840292,80.0,8.75
118.0,0.0,0.0,80.03885512508671,8.692525524840292,80.0,8.75
118.1,0.0,0.0,80.03885512508671,8.692525524840292,80.0,8.75
118.2,0.0,0.0,80.03885512508671,8.692525524840292,80.0,8.75
118.3,0.0,0.0,80.03885512508671,8.692525524840292,80.0,8.75
118.4,0.0,0.0,80.03885512508671,8.692525524840292,80.0,8.75
118.5,0.0,0.0,80.03885512508671,8.692525524840292,80.0,8.75
118.6,0.0,0.0,80.03885512508671,8.692525524840292,80.0,8.75
118.7,0.0,0.0,80.03885512508671,8.692525524840292,80.0,8.75
118.8,0.0,0.0,80.03885512508671,8.692525524840292,80.0,8.75
118.9,0.0,0.0,80.03885512508671,8.692525524840292,80.0,8.75
119.0,0.0,0.0,80.03885512508671,8.692525524840292,80.0,8.75
119.1,0.0,0.0,80.03885512508671,8.692525524840292,80.0,8.75
119.2,0.0,0.0,80.03885512508671,8.692525524840292,80.0,8.75
119.3,0.0,0.0,80.03885512508671,8.692525524840292,80.0,8.75
119.4,0.0,0.0,80.03885512508671,8.692525524840292,80.0,8.75
119.5,0.0,0.0,80.03885512508671,8.692525524840292,80.0,8.75
119.6,0.0,0.0,80.03885512508671,8.692525524840292,80.0,8.75
119.7,0.0,0.0,80.03885512508671,8.692525524840292,80.0,8.75
119.8,0.0,0.0,80.03885512508671,8.692525524840292,80.0,8.75
119.9,0.0,0.0,80.03885512508671,8.692525524840292,80.0,8.75
120.0,0.0,0.0,80.03885512508671,8.692525524840292,80.0,8.75
